"ID","surname","phone_numer","soc_sec_id","date_of_birth","has_address","given_name","age"
"http://www.okkam.org/oaie/person2-Person1881","","08 36074411","2541652","19951122","http://www.okkam.org/oaie/person2-address1881","jake","27"
"http://www.okkam.org/oaie/person2-Person1221","payne","","5773392","19140113","http://www.okkam.org/oaie/person2-address1221","brooke",""
"http://www.okkam.org/oaie/person2-Person1531","noble","03 57042706","2957179","19751205","http://www.okkam.org/oaie/person2-address1531","emms","31"
"http://www.okkam.org/oaie/person2-Person1121","younger","03 31492051","3579693","","http://www.okkam.org/oaie/person2-address1121","jake","32"
"http://www.okkam.org/oaie/person2-Person3221","ler","04 78860532","2129979","19810209","http://www.okkam.org/oaie/person2-address3221","caitlin","36"
"http://www.okkam.org/oaie/person2-Person2751","krahe","04 61778631","6103935","19670101","http://www.okkam.org/oaie/person2-address2751","mitchell","34"
"http://www.okkam.org/oaie/person2-Person4501","pakulska","08 28528120","6523016","19050410","http://www.okkam.org/oaie/person2-address4501","brojdee","24"
"http://www.okkam.org/oaie/person2-Person1731","norgren","08 11351967","7324042","19290123","http://www.okkam.org/oaie/person2-address1731","william","18"
"http://www.okkam.org/oaie/person2-Person2761","cowino","08 30099004","2080580","19960103","http://www.okkam.org/oaie/person2-address2761","thomas","25"
"http://www.okkam.org/oaie/person2-Person731","bakes","08 57331500","9995061","19690505","http://www.okkam.org/oaie/person2-address731","luke","40"
"http://www.okkam.org/oaie/person2-Person4311","hainsworth","07 89845963","5883424","19170707","http://www.okkam.org/oaie/person2-address4311","lachlan","25"
"http://www.okkam.org/oaie/person2-Person1681","johnson","03 25548276","9214392","19000905","http://www.okkam.org/oaie/person2-address1681","archer","39"
"http://www.okkam.org/oaie/person2-Person1211","davis","08 58390035","8098840","19870812","http://www.okkam.org/oaie/person2-address1211","lachlan","29"
"http://www.okkam.org/oaie/person2-Person4121","hawm","02 40233710","6048733","19980209","http://www.okkam.org/oaie/person2-address4121","ethan",""
"http://www.okkam.org/oaie/person2-Person831","hardu","04 78917441","1455791","19390926","http://www.okkam.org/oaie/person2-address831","bailley","27"
"http://www.okkam.org/oaie/person2-Person1941","yates","07 63344775","9408857","19330113","http://www.okkam.org/oaie/person2-address1941","kazuki","23"
"http://www.okkam.org/oaie/person2-Person1871","howatd","04 91377016","1636503","19031020","http://www.okkam.org/oaie/person2-address1871","coby","27"
"http://www.okkam.org/oaie/person2-Person3901","govier","04 45136028","9268724","19710521","http://www.okkam.org/oaie/person2-address3901","katie",""
"http://www.okkam.org/oaie/person2-Person2661","laming","","9294831","19140831","http://www.okkam.org/oaie/person2-address2661","chelsea","27"
"http://www.okkam.org/oaie/person2-Person1891","beelitz","03 89248825","5464856","19641224","http://www.okkam.org/oaie/person2-address1891","braiden","20"
"http://www.okkam.org/oaie/person2-Person2641","lunnay","07 48538661","8189194","19470301","http://www.okkam.org/oaie/person2-address2641","brody","24"
"http://www.okkam.org/oaie/person2-Person1231","rinchen","04 78259957","7896016","19221002","http://www.okkam.org/oaie/person2-address1231","nicholas","28"
"http://www.okkam.org/oaie/person2-Person3601","hollis","08 43662519","1345518","19621211","http://www.okkam.org/oaie/person2-address3601","jacob","27"
"http://www.okkam.org/oaie/person2-Person3231","hutson","03 53706178","2010025","19231929","http://www.okkam.org/oaie/person2-address3231","fiona","24"
"http://www.okkam.org/oaie/person2-Person3501","butler","07 29079942","7000512","19740627","http://www.okkam.org/oaie/person2-address3501","connor","32"
"http://www.okkam.org/oaie/person2-Person1541","kanecki","04 60514808","6345607","19750103","http://www.okkam.org/oaie/person2-address1541","joshua","37"
"http://www.okkam.org/oaie/person2-Person1131","incher","02 61945710","7374982","19150701","http://www.okkam.org/oaie/person2-address1131","jessica","21"
"http://www.okkam.org/oaie/person2-Person4521","starkey-farrell","04 92750614","6220679","19941026","http://www.okkam.org/oaie/person2-address4521","vincent","31"
"http://www.okkam.org/oaie/person2-Person2741","stevens","08 00955191","9059559","19480518","http://www.okkam.org/oaie/person2-address2741","lia","33"
"http://www.okkam.org/oaie/person2-Person1741","willis","08 80959769","1596185","19940309","http://www.okkam.org/oaie/person2-address1741","jessica","35"
"http://www.okkam.org/oaie/person2-Person4511","eastwood","07 88088804","4769982","19340419","http://www.okkam.org/oaie/person2-address4511","jesse",""
"http://www.okkam.org/oaie/person2-Person721","sutherland","02 47460338","1942604","19110305","http://www.okkam.org/oaie/person2-address721","jesse","19"
"http://www.okkam.org/oaie/person2-Person1551","sharpe","03 57418265","2628392","19960414","http://www.okkam.org/oaie/person2-address1551","krisren","26"
"http://www.okkam.org/oaie/person2-Person821","brennan","04 65821808","2866679","19081002","http://www.okkam.org/oaie/person2-address821","henry","28"
"http://www.okkam.org/oaie/person2-Person4321","turner","04 20938258","3124161","","http://www.okkam.org/oaie/person2-address4321","taalia","24"
"http://www.okkam.org/oaie/person2-Person1691","hogge","03 16335154","7180629","19410514","http://www.okkam.org/oaie/person2-address1691","bethany",""
"http://www.okkam.org/oaie/person2-Person2651","wilspn","04 60370435","6585915","19980427","http://www.okkam.org/oaie/person2-address2651","jayde","36"
"http://www.okkam.org/oaie/person2-Person4111","gibb","03 53141709","4248399","19620127","http://www.okkam.org/oaie/person2-address4111","ameoia","37"
"http://www.okkam.org/oaie/person2-Person1931","","03 69818453","7679732","19271018","http://www.okkam.org/oaie/person2-address1931","lachlan","32"
"http://www.okkam.org/oaie/person2-Person3101","cowan","02 32639572","1959228","19211292","http://www.okkam.org/oaie/person2-address3101","sophie","27"
"http://www.okkam.org/oaie/person2-Person3611","mulrocney","","8322293","19630531","http://www.okkam.org/oaie/person2-address3611","patrick","27"
"http://www.okkam.org/oaie/person2-Person1651","ducat","08 36723708","6982001","19240610","http://www.okkam.org/oaie/person2-address1651","charlotte","35"
"http://www.okkam.org/oaie/person2-Person1241","royle","04 95992276","8771563","19700719","http://www.okkam.org/oaie/person2-address1241","lawson","26"
"http://www.okkam.org/oaie/person2-Person4901","bobrige","02 06443300","7048478","19231201","http://www.okkam.org/oaie/person2-address4901","zachariah","17"
"http://www.okkam.org/oaie/person2-Person2631","stranger","03 78220555","2791107","19910209","http://www.okkam.org/oaie/person2-address2631","georgia",""
"http://www.okkam.org/oaie/person2-Person191","huppatz","04 95924975","3967124","19720824","http://www.okkam.org/oaie/person2-address191","noah",""
"http://www.okkam.org/oaie/person2-Person3201","quinzu","03 55291402","4610009","19440707","http://www.okkam.org/oaie/person2-address3201","emma","31"
"http://www.okkam.org/oaie/person2-Person1561","owens","07 79916434","9302139","","http://www.okkam.org/oaie/person2-address1561","benjamin",""
"http://www.okkam.org/oaie/person2-Person1381","scicluna","07 02126189","8909064","19040817","http://www.okkam.org/oaie/person2-address1381","isaac","31"
"http://www.okkam.org/oaie/person2-Person4001","walker","02 54213873","4694350","19050111","http://www.okkam.org/oaie/person2-address4001","jack","33"
"http://www.okkam.org/oaie/person2-Person1751","carey","04 73831867","3796651","","http://www.okkam.org/oaie/person2-address1751","kiana","38"
"http://www.okkam.org/oaie/person2-Person2781","coen","","6147105","19830312","http://www.okkam.org/oaie/person2-address2781","jemma","27"
"http://www.okkam.org/oaie/person2-Person4101","galpin","07 63461146","7905060","19490927","http://www.okkam.org/oaie/person2-address4101","holy","36"
"http://www.okkam.org/oaie/person2-Person1851","eshraghi","03 63565489","1627612","19720926","http://www.okkam.org/oaie/person2-address1851","tod","32"
"http://www.okkam.org/oaie/person2-Person711","bielleman","02 67887000","1124608","19210626","http://www.okkam.org/oaie/person2-address711","mya","31"
"http://www.okkam.org/oaie/person2-Person851","white","08 96171356","1492916","19580430","http://www.okkam.org/oaie/person2-address851","will","35"
"http://www.okkam.org/oaie/person2-Person1961","havelock","08 10168541","1914551","19721126","http://www.okkam.org/oaie/person2-address1961","anneliese","33"
"http://www.okkam.org/oaie/person2-Person4701","boorman","","1067568","19164028","http://www.okkam.org/oaie/person2-address4701","nicholas","26"
"http://www.okkam.org/oaie/person2-Person981","meaney","08 53634263","9594782","19710512","http://www.okkam.org/oaie/person2-address981","hayley",""
"http://www.okkam.org/oaie/person2-Person1661","page","02 42015074","7419836","19121002","http://www.okkam.org/oaie/person2-address1661","lucas","31"
"http://www.okkam.org/oaie/person2-Person3621","edwards","07 60196455","9106885","19090811","http://www.okkam.org/oaie/person2-address3621","sara","31"
"http://www.okkam.org/oaie/person2-Person3111","hart","07 44993331","8059892","19950804","http://www.okkam.org/oaie/person2-address3111","oscar","29"
"http://www.okkam.org/oaie/person2-Person1251","white","02 51005913","7512927","19390116","http://www.okkam.org/oaie/person2-address1251","sophie","24"
"http://www.okkam.org/oaie/person2-Person4911","wrught","","1155257","19030317","http://www.okkam.org/oaie/person2-address4911","liam","28"
"http://www.okkam.org/oaie/person2-Person2621","buckley","02 57926017","8007886","19521118","http://www.okkam.org/oaie/person2-address2621","jack","25"
"http://www.okkam.org/oaie/person2-Person181","","","4807603","","http://www.okkam.org/oaie/person2-address181","jack","31"
"http://www.okkam.org/oaie/person2-Person1771","brown","03 12583364","7942237","19760802","http://www.okkam.org/oaie/person2-address1771","michael","30"
"http://www.okkam.org/oaie/person2-Person1111","harbutt","07 90972854","5656498","19150312","http://www.okkam.org/oaie/person2-address1111","alexander","25"
"http://www.okkam.org/oaie/person2-Person3211","crompton","08 09123081","8249843","19070604","http://www.okkam.org/oaie/person2-address3211","riley","24"
"http://www.okkam.org/oaie/person2-Person4301","wilkshire","02 61934695","9281624","19861212","http://www.okkam.org/oaie/person2-address4301","angie","31"
"http://www.okkam.org/oaie/person2-Person1391","kelyl","02 65524852","4347832","19660419","http://www.okkam.org/oaie/person2-address1391","oliver","29"
"http://www.okkam.org/oaie/person2-Person1571","alderson","07 19610835","3010179","19141001","http://www.okkam.org/oaie/person2-address1571","natasha","27"
"http://www.okkam.org/oaie/person2-Person1101","sukpanichnant","03 84509280","7970310","19150203","http://www.okkam.org/oaie/person2-address1101","brianna","36"
"http://www.okkam.org/oaie/person2-Person2771","reeh","08 79790019","8780353","19730903","http://www.okkam.org/oaie/person2-address2771","alexander","25"
"http://www.okkam.org/oaie/person2-Person1761","grygory","","8044293","19120510","http://www.okkam.org/oaie/person2-address1761","samuel","39"
"http://www.okkam.org/oaie/person2-Person1861","jackson","","5169935","","http://www.okkam.org/oaie/person2-address1861","caleb",""
"http://www.okkam.org/oaie/person2-Person1671","dubn","02 44200948","4680141","19730831","http://www.okkam.org/oaie/person2-address1671","meg",""
"http://www.okkam.org/oaie/person2-Person991","awde","","4020346","19090701","http://www.okkam.org/oaie/person2-address991","","32"
"http://www.okkam.org/oaie/person2-Person841","poulotn","03 22721807","9944595","19971222","http://www.okkam.org/oaie/person2-address841","jacinta",""
"http://www.okkam.org/oaie/person2-Person4201","","04 99910829","1476527","19790415","http://www.okkam.org/oaie/person2-address4201","brayden","37"
"http://www.okkam.org/oaie/person2-Person1951","poultfer","04 92975634","5773952","19720916","http://www.okkam.org/oaie/person2-address1951","hari","38"
"http://www.okkam.org/oaie/person2-Person4711","papadopoulos","04 94426683","7536439","19370918","http://www.okkam.org/oaie/person2-address4711","bayley",""
"http://www.okkam.org/oaie/person2-Person701","","08 96707175","8982146","19661117","http://www.okkam.org/oaie/person2-address701","jaimee","36"
"http://www.okkam.org/oaie/person2-Person2711","haines","02 51225832","8476261","19720608","http://www.okkam.org/oaie/person2-address2711","liam","18"
"http://www.okkam.org/oaie/person2-Person1071","mildrum","04 94319921","8378141","19670617","http://www.okkam.org/oaie/person2-address1071","nicholas","31"
"http://www.okkam.org/oaie/person2-Person4551","plumbridge","07 62135249","2393463","19650126","http://www.okkam.org/oaie/person2-address4551","samir","25"
"http://www.okkam.org/oaie/person2-Person1781","baldino","08 46855054","1949734","19513031","http://www.okkam.org/oaie/person2-address1781","elli","37"
"http://www.okkam.org/oaie/person2-Person4821","crookes","03 26161567","4884903","","http://www.okkam.org/oaie/person2-address4821","chloe","12"
"http://www.okkam.org/oaie/person2-Person1161","dickenson","03 61384586","5071236","19880617","http://www.okkam.org/oaie/person2-address1161","tyrone","25"
"http://www.okkam.org/oaie/person2-Person4411","zadow","03 62844453","3441918","19451012","http://www.okkam.org/oaie/person2-address4411","molly",""
"http://www.okkam.org/oaie/person2-Person1261","garrick","07 67074265","4755297","19721220","http://www.okkam.org/oaie/person2-address1261","jake",""
"http://www.okkam.org/oaie/person2-Person4921","killey","04 41365586","6926177","19460708","http://www.okkam.org/oaie/person2-address4921","alaiyah","23"
"http://www.okkam.org/oaie/person2-Person2611","bussey","02 45426393","4813243","19520685","http://www.okkam.org/oaie/person2-address2611","amy",""
"http://www.okkam.org/oaie/person2-Person1631","lippett","03 39887695","4307749","19040220","http://www.okkam.org/oaie/person2-address1631","jack","31"
"http://www.okkam.org/oaie/person2-Person2411","walker","07 84277205","9213206","19650901","http://www.okkam.org/oaie/person2-address2411","kristen","31"
"http://www.okkam.org/oaie/person2-Person4401","terry","04 58567455","8542732","19900807","http://www.okkam.org/oaie/person2-address4401","emiilh","30"
"http://www.okkam.org/oaie/person2-Person1461","atkinson","03 67493905","3118657","19101205","http://www.okkam.org/oaie/person2-address1461","natalia","35"
"http://www.okkam.org/oaie/person2-Person1361","ackand","02 42043683","5825052","19091110","http://www.okkam.org/oaie/person2-address1361","kyle","23"
"http://www.okkam.org/oaie/person2-Person1901","gilmour","07 35154758","4844185","19060824","http://www.okkam.org/oaie/person2-address1901","emam","38"
"http://www.okkam.org/oaie/person2-Person4021","turner","","2254576","19080629","http://www.okkam.org/oaie/person2-address4021","chloe","72"
"http://www.okkam.org/oaie/person2-Person4161","mclellan","07 88196524","9968506","19481028","http://www.okkam.org/oaie/person2-address4161","zarh","31"
"http://www.okkam.org/oaie/person2-Person2511","snowie","03 83141810","4815016","","http://www.okkam.org/oaie/person2-address2511","olivia","25"
"http://www.okkam.org/oaie/person2-Person4561","hayexs","08 50517375","1970140","19790420","http://www.okkam.org/oaie/person2-address4561","nicholas",""
"http://www.okkam.org/oaie/person2-Person1061","le cornu","03 69729012","8022092","19080229","http://www.okkam.org/oaie/person2-address1061","kiana","27"
"http://www.okkam.org/oaie/person2-Person2701","bent","02 17808383","8712700","19810618","http://www.okkam.org/oaie/person2-address2701","ella","23"
"http://www.okkam.org/oaie/person2-Person1171","farrimond","03 41030862","8595402","19900330","http://www.okkam.org/oaie/person2-address1171","tyler","30"
"http://www.okkam.org/oaie/person2-Person1501","paech","04 21987088","1667505","19350410","http://www.okkam.org/oaie/person2-address1501","james","39"
"http://www.okkam.org/oaie/person2-Person4831","hall","07 01634479","8282788","19470603","http://www.okkam.org/oaie/person2-address4831","seanna","35"
"http://www.okkam.org/oaie/person2-Person1791","rekuciak","02 97297403","7738849","19770119","http://www.okkam.org/oaie/person2-address1791","demie","20"
"http://www.okkam.org/oaie/person2-Person4931","kemiah","04 11184585","4436422","19400420","http://www.okkam.org/oaie/person2-address4931","liam","28"
"http://www.okkam.org/oaie/person2-Person4421","leonardi","02 78828683","9475737","19951126","http://www.okkam.org/oaie/person2-address4421","thomas","26"
"http://www.okkam.org/oaie/person2-Person1271","besier","04 18323957","3556176","19350313","http://www.okkam.org/oaie/person2-address1271","courtney","20"
"http://www.okkam.org/oaie/person2-Person2601","melzow","03 55489397","2299174","19390302","http://www.okkam.org/oaie/person2-address2601","kayla","19"
"http://www.okkam.org/oaie/person2-Person1641","","02 79585015","8477246","19410125","http://www.okkam.org/oaie/person2-address1641","elijah","36"
"http://www.okkam.org/oaie/person2-Person2401","ffrech","03 63571427","8731365","19070801","http://www.okkam.org/oaie/person2-address2401","hannah","33"
"http://www.okkam.org/oaie/person2-Person4151","wickham","07 03002940","8486571","19510805","http://www.okkam.org/oaie/person2-address4151","geneviefe","33"
"http://www.okkam.org/oaie/person2-Person1471","gregov","03 41964620","5828005","19680605","http://www.okkam.org/oaie/person2-address1471","rachal","29"
"http://www.okkam.org/oaie/person2-Person2501","goode","04 26036281","6886817","19361017","http://www.okkam.org/oaie/person2-address2501","anika","36"
"http://www.okkam.org/oaie/person2-Person4011","long","04 71119181","8510654","19690126","http://www.okkam.org/oaie/person2-address4011","jasmine","32"
"http://www.okkam.org/oaie/person2-Person1371","bullock","02 60701918","9323875","19191011","http://www.okkam.org/oaie/person2-address1371","hannah","20"
"http://www.okkam.org/oaie/person2-Person2731","jones","03 53224543","6258580","19731010","http://www.okkam.org/oaie/person2-address2731","james",""
"http://www.okkam.org/oaie/person2-Person4531","graham","02 95559157","8087061","19951031","http://www.okkam.org/oaie/person2-address4531","isabella",""
"http://www.okkam.org/oaie/person2-Person4801","dummett","07 56764843","1108222","19210309","http://www.okkam.org/oaie/person2-address4801","jessicq","26"
"http://www.okkam.org/oaie/person2-Person1141","briggs","02 53484995","7031658","19431026","http://www.okkam.org/oaie/person2-address1141","thomas","39"
"http://www.okkam.org/oaie/person2-Person2541","key","02 74678395","4483568","19207726","http://www.okkam.org/oaie/person2-address2541","william","28"
"http://www.okkam.org/oaie/person2-Person1511","goddard","04 17656235","8917352","19921218","http://www.okkam.org/oaie/person2-address1511","sophie","32"
"http://www.okkam.org/oaie/person2-Person1091","xenophou","04 71005748","9329574","19120711","http://www.okkam.org/oaie/person2-address1091","andrtea","31"
"http://www.okkam.org/oaie/person2-Person1611","thakchoe","07 73822613","1640653","19710809","http://www.okkam.org/oaie/person2-address1611","hugo","28"
"http://www.okkam.org/oaie/person2-Person4431","casey","08 85874813","8360620","19541105","http://www.okkam.org/oaie/person2-address4431","kayla","18"
"http://www.okkam.org/oaie/person2-Person1281","lahne","08 71093587","2577084","19860225","http://www.okkam.org/oaie/person2-address1281","","19"
"http://www.okkam.org/oaie/person2-Person4941","jong","04 96300737","9583099","19010411","http://www.okkam.org/oaie/person2-address4941","joshua","36"
"http://www.okkam.org/oaie/person2-Person611","kwok","08 98984267","7491079","","http://www.okkam.org/oaie/person2-address611","michael","33"
"http://www.okkam.org/oaie/person2-Person1921","kannahe","02 41981238","7477932","19110131","http://www.okkam.org/oaie/person2-address1921","anita",""
"http://www.okkam.org/oaie/person2-Person4141","guy-smith","03 28194482","9577345","19260517","http://www.okkam.org/oaie/person2-address4141","joshua","29"
"http://www.okkam.org/oaie/person2-Person1481","hartm","08 96242783","1973088","19360223","http://www.okkam.org/oaie/person2-address1481","tara","30"
"http://www.okkam.org/oaie/person2-Person811","vears","07 29429222","1510593","19340902","http://www.okkam.org/oaie/person2-address811","chelsea","31"
"http://www.okkam.org/oaie/person2-Person4041","shaw","02 64412657","1305170","19660213","http://www.okkam.org/oaie/person2-address4041","luke",""
"http://www.okkam.org/oaie/person2-Person2531","kluske","07 26275899","5847174","19270313","http://www.okkam.org/oaie/person2-address2531","hollie","28"
"http://www.okkam.org/oaie/person2-Person1341","andresdakis","02 90272757","6558093","19921110","http://www.okkam.org/oaie/person2-address1341","philip","31"
"http://www.okkam.org/oaie/person2-Person1151","girdham","04 81305849","5168959","","http://www.okkam.org/oaie/person2-address1151","shelby",""
"http://www.okkam.org/oaie/person2-Person4811","willians","02 72155339","7455715","19330204","http://www.okkam.org/oaie/person2-address4811","jarryd","34"
"http://www.okkam.org/oaie/person2-Person2721","frost","08 87828707","2335721","","http://www.okkam.org/oaie/person2-address2721","joshua","22"
"http://www.okkam.org/oaie/person2-Person4541","boxhall","07 63119027","3574431","","http://www.okkam.org/oaie/person2-address4541","anthony","34"
"http://www.okkam.org/oaie/person2-Person601","maynard","04 23303158","8084840","19821311","http://www.okkam.org/oaie/person2-address601","blake","28"
"http://www.okkam.org/oaie/person2-Person1521","chisholm","08 45397831","7230136","19390202","http://www.okkam.org/oaie/person2-address1521","alexander",""
"http://www.okkam.org/oaie/person2-Person1081","truscott","02 19108710","8684054","","http://www.okkam.org/oaie/person2-address1081","kaitlyn","31"
"http://www.okkam.org/oaie/person2-Person1621","kessner","08 61313982","8731381","19370724","http://www.okkam.org/oaie/person2-address1621","jacynta","27"
"http://www.okkam.org/oaie/person2-Person4951","gunawardana","03 27824409","8544369","19050319","http://www.okkam.org/oaie/person2-address4951","reegan","33"
"http://www.okkam.org/oaie/person2-Person4441","wittmann","03 33094758","1589406","19320712","http://www.okkam.org/oaie/person2-address4441","abbey","22"
"http://www.okkam.org/oaie/person2-Person1291","bullock","02 78126368","4236683","19621215","http://www.okkam.org/oaie/person2-address1291","annafise","40"
"http://www.okkam.org/oaie/person2-Person1911","digance","03 84358348","8945611","19470401","http://www.okkam.org/oaie/person2-address1911","jackson","35"
"http://www.okkam.org/oaie/person2-Person4961","bird","08 50671859","5049010","","http://www.okkam.org/oaie/person2-address4961","tasman",""
"http://www.okkam.org/oaie/person2-Person1491","stevens","03 42290191","9706682","19941109","http://www.okkam.org/oaie/person2-address1491","ethan",""
"http://www.okkam.org/oaie/person2-Person4131","mase","04 00037028","5653771","19971128","http://www.okkam.org/oaie/person2-address4131","emiily","31"
"http://www.okkam.org/oaie/person2-Person801","exalyto","02 66585799","6049021","19910404","http://www.okkam.org/oaie/person2-address801","robert","32"
"http://www.okkam.org/oaie/person2-Person2521","young","08 43014546","1991500","19280124","http://www.okkam.org/oaie/person2-address2521","luch","29"
"http://www.okkam.org/oaie/person2-Person4031","macdonald","02 45124228","3887857","19380117","http://www.okkam.org/oaie/person2-address4031","ryan","38"
"http://www.okkam.org/oaie/person2-Person1351","morse","02 29815203","3349962","19390304","http://www.okkam.org/oaie/person2-address1351","kailey","28"
"http://www.okkam.org/oaie/person2-Person921","betty","08 28654393","6372625","19620522","http://www.okkam.org/oaie/person2-address921","bailey","30"
"http://www.okkam.org/oaie/person2-Person3021","turner","02 21054454","5006165","19470415","http://www.okkam.org/oaie/person2-address3021","liam","41"
"http://www.okkam.org/oaie/person2-Person131","pirie","08 93646068","2671356","19297916","http://www.okkam.org/oaie/person2-address131","sophie",""
"http://www.okkam.org/oaie/person2-Person4391","triffitt","03 63113436","5499625","19140924","http://www.okkam.org/oaie/person2-address4391","hayden","32"
"http://www.okkam.org/oaie/person2-Person4251","duggan","07 59084471","9452261","","http://www.okkam.org/oaie/person2-address4251","mikayla","30"
"http://www.okkam.org/oaie/person2-Person271","dowie","04 87482286","9345554","19491606","http://www.okkam.org/oaie/person2-address271","dylan","30"
"http://www.okkam.org/oaie/person2-Person41","varricchio","02 55144130","7805348","19250525","http://www.okkam.org/oaie/person2-address41","paris","25"
"http://www.okkam.org/oaie/person2-Person3161","light","08 73777152","7642835","19081005","http://www.okkam.org/oaie/person2-address3161","matthew","24"
"http://www.okkam.org/oaie/person2-Person631","menadue","02 83287151","1976231","19980522","http://www.okkam.org/oaie/person2-address631","mitchell",""
"http://www.okkam.org/oaie/person2-Person3701","anderson","02 21799596","5547797","19665022","http://www.okkam.org/oaie/person2-address3701","tommi-lee","40"
"http://www.okkam.org/oaie/person2-Person3991","barzen","07 06417107","7251646","19420923","http://www.okkam.org/oaie/person2-address3991","william","34"
"http://www.okkam.org/oaie/person2-Person4451","hogg","07 43166487","6646034","19400815","http://www.okkam.org/oaie/person2-address4451","thomas","31"
"http://www.okkam.org/oaie/person2-Person3801","parker","02 90824069","4345597","","http://www.okkam.org/oaie/person2-address3801","jared","38"
"http://www.okkam.org/oaie/person2-Person4591","martin","03 68141179","3831447","19771011","http://www.okkam.org/oaie/person2-address4591","jean-claude",""
"http://www.okkam.org/oaie/person2-Person1031","o'brien","","4277039","","http://www.okkam.org/oaie/person2-address1031","james",""
"http://www.okkam.org/oaie/person2-Person531","wilkd","07 12962397","6749928","19740429","http://www.okkam.org/oaie/person2-address531","blaize","28"
"http://www.okkam.org/oaie/person2-Person931","watson","04 21408234","2455162","19770614","http://www.okkam.org/oaie/person2-address931","jasmine","32"
"http://www.okkam.org/oaie/person2-Person121","busch","07 63999561","8875106","19180137","http://www.okkam.org/oaie/person2-address121","connor",""
"http://www.okkam.org/oaie/person2-Person3031","watts","07 08192864","2325889","19061121","http://www.okkam.org/oaie/person2-address3031","benjamin","23"
"http://www.okkam.org/oaie/person2-Person1801","","02 61906909","7744853","19291022","http://www.okkam.org/oaie/person2-address1801","finlay","26"
"http://www.okkam.org/oaie/person2-Person4261","scalzi","02 67585660","9299489","19850403","http://www.okkam.org/oaie/person2-address4261","amy","30"
"http://www.okkam.org/oaie/person2-Person261","mulhern","07 77030695","3905518","19500131","http://www.okkam.org/oaie/person2-address261","kieren","34"
"http://www.okkam.org/oaie/person2-Person1601","king","08 58431226","8118350","19440605","http://www.okkam.org/oaie/person2-address1601","caleb","28"
"http://www.okkam.org/oaie/person2-Person621","dunne","08 29620343","8857656","19080403","http://www.okkam.org/oaie/person2-address621","malakai","29"
"http://www.okkam.org/oaie/person2-Person31","joris","02 50218494","1018420","19050124","http://www.okkam.org/oaie/person2-address31","kazuki","31"
"http://www.okkam.org/oaie/person2-Person3981","wade","07 75155183","8168507","19330411","http://www.okkam.org/oaie/person2-address3981","cooper","52"
"http://www.okkam.org/oaie/person2-Person4461","mahlo","04 14823020","4922156","19730702","http://www.okkam.org/oaie/person2-address4461","amy","32"
"http://www.okkam.org/oaie/person2-Person521","haigh","04 92488586","6801501","19100903","http://www.okkam.org/oaie/person2-address521","aidan","36"
"http://www.okkam.org/oaie/person2-Person1021","moranh","02 04489985","7383697","19080518","http://www.okkam.org/oaie/person2-address1021","aleisha","35"
"http://www.okkam.org/oaie/person2-Person3171","oueiss","04 63919480","4427520","19850426","http://www.okkam.org/oaie/person2-address3171","sam","26"
"http://www.okkam.org/oaie/person2-Person111","prout","03 63014440","5030686","19820630","http://www.okkam.org/oaie/person2-address111","katie","24"
"http://www.okkam.org/oaie/person2-Person4271","strauss","04 02220566","8478151","19240422","http://www.okkam.org/oaie/person2-address4271","leah","33"
"http://www.okkam.org/oaie/person2-Person3001","banytixs","08 16268170","1620024","19160923","http://www.okkam.org/oaie/person2-address3001","","18"
"http://www.okkam.org/oaie/person2-Person901","","02 06332460","7436973","19150411","http://www.okkam.org/oaie/person2-address901","elron",""
"http://www.okkam.org/oaie/person2-Person791","matson","02 36972434","1361848","19510642","http://www.okkam.org/oaie/person2-address791","harriet",""
"http://www.okkam.org/oaie/person2-Person391","matthews","02 99903291","6055146","19601010","http://www.okkam.org/oaie/person2-address391","kalli",""
"http://www.okkam.org/oaie/person2-Person4371","caines","07 93439717","1677356","","http://www.okkam.org/oaie/person2-address4371","madeline",""
"http://www.okkam.org/oaie/person2-Person3961","chopra","04 93482090","8040542","","http://www.okkam.org/oaie/person2-address3961","corie",""
"http://www.okkam.org/oaie/person2-Person291","felgenhaur","04 14867136","5112678","","http://www.okkam.org/oaie/person2-address291","hugh","30"
"http://www.okkam.org/oaie/person2-Person651","spencer","08 67053063","3498347","19031911","http://www.okkam.org/oaie/person2-address651","luke","40"
"http://www.okkam.org/oaie/person2-Person61","carey","02 16451742","6192837","19211218","http://www.okkam.org/oaie/person2-address61","jessica",""
"http://www.okkam.org/oaie/person2-Person4471","jones","08 28494308","8796976","19210408","http://www.okkam.org/oaie/person2-address4471","hannah","33"
"http://www.okkam.org/oaie/person2-Person3971","loughnan","08 35124023","2921016","19760106","http://www.okkam.org/oaie/person2-address3971","laklynn","21"
"http://www.okkam.org/oaie/person2-Person3281","morifz","02 93892154","1622799","19321224","http://www.okkam.org/oaie/person2-address3281","lewis","40"
"http://www.okkam.org/oaie/person2-Person511","barratt","","1604407","19060408","http://www.okkam.org/oaie/person2-address511","christopher",""
"http://www.okkam.org/oaie/person2-Person3181","coad","03 81678723","7534982","19209119","http://www.okkam.org/oaie/person2-address3181","imogen",""
"http://www.okkam.org/oaie/person2-Person1181","phillips","02 75961442","9113373","19551215","http://www.okkam.org/oaie/person2-address1181","mitchell","32"
"http://www.okkam.org/oaie/person2-Person3821","pantzikas","02 93807056","1194618","19200712","http://www.okkam.org/oaie/person2-address3821","rilye","29"
"http://www.okkam.org/oaie/person2-Person1051","burke","08 96701059","2464177","19300407","http://www.okkam.org/oaie/person2-address1051","sarah","31"
"http://www.okkam.org/oaie/person2-Person4571","kerr","03 63915675","8137790","19810814","http://www.okkam.org/oaie/person2-address4571","jacl","27"
"http://www.okkam.org/oaie/person2-Person101","knights","07 73275986","8618959","19621015","http://www.okkam.org/oaie/person2-address101","jamke","25"
"http://www.okkam.org/oaie/person2-Person781","clarke","08 94586796","7725307","19010705","http://www.okkam.org/oaie/person2-address781","dylan","26"
"http://www.okkam.org/oaie/person2-Person381","lurops","08 85405083","9418663","19420920","http://www.okkam.org/oaie/person2-address381","jayde",""
"http://www.okkam.org/oaie/person2-Person911","marriott","04 00633956","6001282","19641007","http://www.okkam.org/oaie/person2-address911","ellie","40"
"http://www.okkam.org/oaie/person2-Person3011","sonntag","02 52337700","1215106","19190921","http://www.okkam.org/oaie/person2-address3011","india","27"
"http://www.okkam.org/oaie/person2-Person4281","campbell","02 55794386","4601659","19470117","http://www.okkam.org/oaie/person2-address4281","daniele","30"
"http://www.okkam.org/oaie/person2-Person281","mcmichael","04 40569853","8359471","19910825","http://www.okkam.org/oaie/person2-address281","millie","33"
"http://www.okkam.org/oaie/person2-Person4381","paul","","4734501","19920421","http://www.okkam.org/oaie/person2-address4381","caitlin",""
"http://www.okkam.org/oaie/person2-Person3951","ezzy","04 33665844","8171353","19770828","http://www.okkam.org/oaie/person2-address3951","charlotte","28"
"http://www.okkam.org/oaie/person2-Person4481","ramsden","02 47315224","1737296","19251207","http://www.okkam.org/oaie/person2-address4481","liam","27"
"http://www.okkam.org/oaie/person2-Person51","evans","07 33837984","9193650","19560417","http://www.okkam.org/oaie/person2-address51","thomas","33"
"http://www.okkam.org/oaie/person2-Person3291","ramsay","02 60664557","3215921","19170404","http://www.okkam.org/oaie/person2-address3291","dylan","34"
"http://www.okkam.org/oaie/person2-Person641","hart","","1526286","19970818","http://www.okkam.org/oaie/person2-address641","brooklyn",""
"http://www.okkam.org/oaie/person2-Person1191","beven","08 11984526","6522169","19330205","http://www.okkam.org/oaie/person2-address1191","joshua","23"
"http://www.okkam.org/oaie/person2-Person501","lan","04 26226982","2057953","19200609","http://www.okkam.org/oaie/person2-address501","james","30"
"http://www.okkam.org/oaie/person2-Person3191","hardy","08 74644292","6464491","19780612","http://www.okkam.org/oaie/person2-address3191","simone","36"
"http://www.okkam.org/oaie/person2-Person4581","carcer","","7298787","19260102","http://www.okkam.org/oaie/person2-address4581","braedon","21"
"http://www.okkam.org/oaie/person2-Person3811","allnutt","03 53097080","2573131","19780910","http://www.okkam.org/oaie/person2-address3811","eliza","24"
"http://www.okkam.org/oaie/person2-Person1041","potter","02 21589455","5813523","19580918","http://www.okkam.org/oaie/person2-address1041","cassandra","29"
"http://www.okkam.org/oaie/person2-Person3941","cummings","07 45089814","8410711","19680331","http://www.okkam.org/oaie/person2-address3941","nikita",""
"http://www.okkam.org/oaie/person2-Person1981","gull","07 51475836","2801362","","http://www.okkam.org/oaie/person2-address1981","isabelle","16"
"http://www.okkam.org/oaie/person2-Person3061","foster","02 50635025","9079105","19880513","http://www.okkam.org/oaie/person2-address3061","jemma","26"
"http://www.okkam.org/oaie/person2-Person4211","duffield","","8874425","19961106","http://www.okkam.org/oaie/person2-address4211","emiwly","38"
"http://www.okkam.org/oaie/person2-Person1831","green","04 56371269","9806444","19926730","http://www.okkam.org/oaie/person2-address1831","william","24"
"http://www.okkam.org/oaie/person2-Person871","muller","","1444331","","http://www.okkam.org/oaie/person2-address871","harrison","26"
"http://www.okkam.org/oaie/person2-Person961","cook","07 56889466","4829976","19860302","http://www.okkam.org/oaie/person2-address961","david","24"
"http://www.okkam.org/oaie/person2-Person3751","wynne","08 78214844","4997380","19861206","http://www.okkam.org/oaie/person2-address3751","thonas","35"
"http://www.okkam.org/oaie/person2-Person4351","hayes","07 17058052","6678692","19240811","http://www.okkam.org/oaie/person2-address4351","karli","28"
"http://www.okkam.org/oaie/person2-Person771","walter","02 53032950","3254006","19230205","http://www.okkam.org/oaie/person2-address771","samuel","38"
"http://www.okkam.org/oaie/person2-Person371","johns","02 93739211","4241160","19831201","http://www.okkam.org/oaie/person2-address371","jake","37"
"http://www.okkam.org/oaie/person2-Person4491","o'leary","03 02043065","7826544","19800722","http://www.okkam.org/oaie/person2-address4491","timothy","22"
"http://www.okkam.org/oaie/person2-Person571","townsend","04 17272820","3840906","19670904","http://www.okkam.org/oaie/person2-address571","benjamin","24"
"http://www.okkam.org/oaie/person2-Person171","hill","07 30801764","1213976","19720430","http://www.okkam.org/oaie/person2-address171","niamh","35"
"http://www.okkam.org/oaie/person2-Person3261","brown","03 12554246","2433042","19561106","http://www.okkam.org/oaie/person2-address3261","","31"
"http://www.okkam.org/oaie/person2-Person3841","rowland","04 46170102","6619542","19671022","http://www.okkam.org/oaie/person2-address3841","elsy","33"
"http://www.okkam.org/oaie/person2-Person3741","mercuri","04 71437801","6997972","19760302","http://www.okkam.org/oaie/person2-address3741","wilxon","32"
"http://www.okkam.org/oaie/person2-Person231","burford","04 13335844","4482788","","http://www.okkam.org/oaie/person2-address231","wilson",""
"http://www.okkam.org/oaie/person2-Person3121","lomax","08 23103209","7642486","19280302","http://www.okkam.org/oaie/person2-address3121","deakin",""
"http://www.okkam.org/oaie/person2-Person1991","ali","02 32816819","2765217","19830731","http://www.okkam.org/oaie/person2-address1991","jed","31"
"http://www.okkam.org/oaie/person2-Person81","kenyon","07 12565036","1622016","19891115","http://www.okkam.org/oaie/person2-address81","jonah","32"
"http://www.okkam.org/oaie/person2-Person671","crabb","03 49608076","1317114","19990513","http://www.okkam.org/oaie/person2-address671","jett","27"
"http://www.okkam.org/oaie/person2-Person4221","rodgers","04 27804088","1887989","19880329","http://www.okkam.org/oaie/person2-address4221","eva","21"
"http://www.okkam.org/oaie/person2-Person1971","jonxs","03 54119423","1222346","","http://www.okkam.org/oaie/person2-address1971","dylan","32"
"http://www.okkam.org/oaie/person2-Person3071","bartlett","03 60566948","5299727","19240605","http://www.okkam.org/oaie/person2-address3071","zach","21"
"http://www.okkam.org/oaie/person2-Person3931","sales","04 89346810","5393035","","http://www.okkam.org/oaie/person2-address3931","kirra","36"
"http://www.okkam.org/oaie/person2-Person861","wilson","08 87400271","5844970","19341220","http://www.okkam.org/oaie/person2-address861","hayley","61"
"http://www.okkam.org/oaie/person2-Person971","daviadson","03 15902954","2354459","19840618","http://www.okkam.org/oaie/person2-address971","jacob","34"
"http://www.okkam.org/oaie/person2-Person1841","webster","04 42826714","1290792","19760111","http://www.okkam.org/oaie/person2-address1841","lexie","22"
"http://www.okkam.org/oaie/person2-Person4361","freeman","08 90818506","3585251","19511126","http://www.okkam.org/oaie/person2-address4361","mitchhll","38"
"http://www.okkam.org/oaie/person2-Person761","gesiotto","02 35575965","2418421","","http://www.okkam.org/oaie/person2-address761","riley","36"
"http://www.okkam.org/oaie/person2-Person361","mcewin","03 71019403","4806687","19550612","http://www.okkam.org/oaie/person2-address361","joshua","27"
"http://www.okkam.org/oaie/person2-Person1701","van eck","08 01699553","2399115","19981071","http://www.okkam.org/oaie/person2-address1701","tara","28"
"http://www.okkam.org/oaie/person2-Person161","eves","03 74960956","1490163","19040925","http://www.okkam.org/oaie/person2-address161","oliver","23"
"http://www.okkam.org/oaie/person2-Person561","webber","03 79520356","2468281","19971011","http://www.okkam.org/oaie/person2-address561","kai","28"
"http://www.okkam.org/oaie/person2-Person3831","bartlett","","4857992","19860157","http://www.okkam.org/oaie/person2-address3831","caitlin",""
"http://www.okkam.org/oaie/person2-Person3271","sharp","02 13494324","3841015","19142103","http://www.okkam.org/oaie/person2-address3271","emma","24"
"http://www.okkam.org/oaie/person2-Person3131","lohmacn","03 14665362","8645844","19410919","http://www.okkam.org/oaie/person2-address3131","maddison",""
"http://www.okkam.org/oaie/person2-Person3731","searle","07 39798091","9540335","19870602","http://www.okkam.org/oaie/person2-address3731","natalia","29"
"http://www.okkam.org/oaie/person2-Person221","schultz","02 71050326","8589862","","http://www.okkam.org/oaie/person2-address221","jake","20"
"http://www.okkam.org/oaie/person2-Person661","pearson","04 40527031","3427072","19780114","http://www.okkam.org/oaie/person2-address661","","36"
"http://www.okkam.org/oaie/person2-Person71","hickey","02 60569371","2507099","","http://www.okkam.org/oaie/person2-address71","rohan","27"
"http://www.okkam.org/oaie/person2-Person3921","williams","08 41669008","8359190","19680907","http://www.okkam.org/oaie/person2-address3921","alivia",""
"http://www.okkam.org/oaie/person2-Person941","urban","02 01458495","6711557","19251224","http://www.okkam.org/oaie/person2-address941","isabeola","28"
"http://www.okkam.org/oaie/person2-Person251","eyles","02 34404488","3062724","19560313","http://www.okkam.org/oaie/person2-address251","finn","37"
"http://www.okkam.org/oaie/person2-Person4231","couvalis","04 19600919","7943548","19051001","http://www.okkam.org/oaie/person2-address4231","jake","52"
"http://www.okkam.org/oaie/person2-Person891","evans","07 21767789","9994031","19460211","http://www.okkam.org/oaie/person2-address891","amber","26"
"http://www.okkam.org/oaie/person2-Person691","hawkins","03 95670031","8396113","","http://www.okkam.org/oaie/person2-address691","ashleigh","30"
"http://www.okkam.org/oaie/person2-Person1811","wils on","04 95176100","7202587","19350328","http://www.okkam.org/oaie/person2-address1811","emiily",""
"http://www.okkam.org/oaie/person2-Person3041","curtsi","07 79183195","6224611","19870906","http://www.okkam.org/oaie/person2-address3041","lachlan","24"
"http://www.okkam.org/oaie/person2-Person4331","hogarth","03 87693926","9889899","19151120","http://www.okkam.org/oaie/person2-address4331","kate","27"
"http://www.okkam.org/oaie/person2-Person1711","fox","08 16798981","9518132","19630216","http://www.okkam.org/oaie/person2-address1711","sybella","33"
"http://www.okkam.org/oaie/person2-Person751","bates","03 93544286","9018947","19591007","http://www.okkam.org/oaie/person2-address751","jake","37"
"http://www.okkam.org/oaie/person2-Person3871","valentine","04 65434707","8175232","19720203","http://www.okkam.org/oaie/person2-address3871","coopr",""
"http://www.okkam.org/oaie/person2-Person1011","hughes","02 24163931","7954605","","http://www.okkam.org/oaie/person2-address1011","riley","36"
"http://www.okkam.org/oaie/person2-Person351","ludbey","03 30381703","2484605","","http://www.okkam.org/oaie/person2-address351","sophie",""
"http://www.okkam.org/oaie/person2-Person3241","clark","04 63578534","6628764","19040120","http://www.okkam.org/oaie/person2-address3241","nosh",""
"http://www.okkam.org/oaie/person2-Person551","cartet","","5387279","19250920","http://www.okkam.org/oaie/person2-address551","leon","32"
"http://www.okkam.org/oaie/person2-Person151","franklin","02 90725231","5610990","19351207","http://www.okkam.org/oaie/person2-address151","james","82"
"http://www.okkam.org/oaie/person2-Person3721","crapb","07 58159903","1677829","19080425","http://www.okkam.org/oaie/person2-address3721","teagan","35"
"http://www.okkam.org/oaie/person2-Person3141","hoffman","08 46275530","5103003","19831117","http://www.okkam.org/oaie/person2-address3141","lachlan","25"
"http://www.okkam.org/oaie/person2-Person4241","burgemeister","08 12282615","1162282","19141122","http://www.okkam.org/oaie/person2-address4241","deakin","21"
"http://www.okkam.org/oaie/person2-Person3911","fenwick","07 64321095","1433019","19710131","http://www.okkam.org/oaie/person2-address3911","nathan","32"
"http://www.okkam.org/oaie/person2-Person881","milner","08 24590954","7775642","19500228","http://www.okkam.org/oaie/person2-address881","samnel","21"
"http://www.okkam.org/oaie/person2-Person951","semmrns","03 98666459","2400077","19320511","http://www.okkam.org/oaie/person2-address951","hannah","24"
"http://www.okkam.org/oaie/person2-Person1821","dosej","03 48959398","1572993","19000512","http://www.okkam.org/oaie/person2-address1821","georgia","26"
"http://www.okkam.org/oaie/person2-Person741","begdic","04 98801160","1736880","19280419","http://www.okkam.org/oaie/person2-address741","oliver","30"
"http://www.okkam.org/oaie/person2-Person1721","stuople","07 62204783","9934184","19330310","http://www.okkam.org/oaie/person2-address1721","sarah","32"
"http://www.okkam.org/oaie/person2-Person3051","donnolkley","08 17494893","8014765","19150822","http://www.okkam.org/oaie/person2-address3051","gianni","34"
"http://www.okkam.org/oaie/person2-Person3861","barry","07 05654912","8052993","19800706","http://www.okkam.org/oaie/person2-address3861","georgia",""
"http://www.okkam.org/oaie/person2-Person4341","drousas","03 71928564","4257018","19270906","http://www.okkam.org/oaie/person2-address4341","james","32"
"http://www.okkam.org/oaie/person2-Person341","andrews","07 49098520","4061703","19690225","http://www.okkam.org/oaie/person2-address341","paris","25"
"http://www.okkam.org/oaie/person2-Person3251","anderson","04 88639331","3502997","19400531","http://www.okkam.org/oaie/person2-address3251","kiera","37"
"http://www.okkam.org/oaie/person2-Person1001","gourlay","","7875974","19120910","http://www.okkam.org/oaie/person2-address1001","chelsea","25"
"http://www.okkam.org/oaie/person2-Person3851","steel","07 15939362","2999949","19580706","http://www.okkam.org/oaie/person2-address3851","robbie","23"
"http://www.okkam.org/oaie/person2-Person91","","07 91891132","4084390","19591205","http://www.okkam.org/oaie/person2-address91","flynn","28"
"http://www.okkam.org/oaie/person2-Person141","ticehrust","03 82570054","5783449","19100211","http://www.okkam.org/oaie/person2-address141","felicity","26"
"http://www.okkam.org/oaie/person2-Person541","hodges","02 06575177","7831313","","http://www.okkam.org/oaie/person2-address541","madeline",""
"http://www.okkam.org/oaie/person2-Person681","davis","02 56480145","4843021","19160307","http://www.okkam.org/oaie/person2-address681","lukas","36"
"http://www.okkam.org/oaie/person2-Person3711","furlan","07 14902718","4562022","19610206","http://www.okkam.org/oaie/person2-address3711","sebastian",""
"http://www.okkam.org/oaie/person2-Person241","lines","07 59733831","5290794","","http://www.okkam.org/oaie/person2-address241","mitchell","31"
"http://www.okkam.org/oaie/person2-Person3151","tytila","07 27909365","6719149","19761118","http://www.okkam.org/oaie/person2-address3151","madeline","31"
"http://www.okkam.org/oaie/person2-Person3491","raslan","07 90129750","7950227","19460211","http://www.okkam.org/oaie/person2-address3491","annika","30"
"http://www.okkam.org/oaie/person2-Person2361","skewes","07 36182905","4342209","19910617","http://www.okkam.org/oaie/person2-address2361","harrison","28"
"http://www.okkam.org/oaie/person2-Person301","weatherly","02 03990036","3459435","19170628","http://www.okkam.org/oaie/person2-address301","james","25"
"http://www.okkam.org/oaie/person2-Person3391","lehmann","08 26277814","6241033","19020302","http://www.okkam.org/oaie/person2-address3391","katharine",""
"http://www.okkam.org/oaie/person2-Person441","burkett","02 68076757","6056737","19920218","http://www.okkam.org/oaie/person2-address441","ryan","25"
"http://www.okkam.org/oaie/person2-Person2921","nguyen","03 64938687","2426575","19480513","http://www.okkam.org/oaie/person2-address2921","harrison","26"
"http://www.okkam.org/oaie/person2-Person01","","03 06879456","7416549","19900909","http://www.okkam.org/oaie/person2-address01","conner","32"
"http://www.okkam.org/oaie/person2-Person2261","clarke","02 24430462","8566696","19800615","http://www.okkam.org/oaie/person2-address2261","jett","32"
"http://www.okkam.org/oaie/person2-Person481","mcgruther","07 61028163","6379007","19950701","http://www.okkam.org/oaie/person2-address481","harry","72"
"http://www.okkam.org/oaie/person2-Person11","lunson","04 94813466","8706620","19140322","http://www.okkam.org/oaie/person2-address11","ella","25"
"http://www.okkam.org/oaie/person2-Person3881","radoslovich","02 14449114","7464127","19720412","http://www.okkam.org/oaie/person2-address3881","katelyn","28"
"http://www.okkam.org/oaie/person2-Person3781","bowerman","02 20899288","7584619","19290803","http://www.okkam.org/oaie/person2-address3781","jye","30"
"http://www.okkam.org/oaie/person2-Person581","o'neil","02 84549220","2656730","19710127","http://www.okkam.org/oaie/person2-address581","amy",""
"http://www.okkam.org/oaie/person2-Person311","hollow","04 34218779","8927101","19890626","http://www.okkam.org/oaie/person2-address311","jazz","26"
"http://www.okkam.org/oaie/person2-Person3481","warburton","03 42548839","8612132","19690110","http://www.okkam.org/oaie/person2-address3481","savannah","02"
"http://www.okkam.org/oaie/person2-Person2351","williams","04 04403269","1727360","19750627","http://www.okkam.org/oaie/person2-address2351","alessia",""
"http://www.okkam.org/oaie/person2-Person2931","campbell","08 90035215","7570513","19940623","http://www.okkam.org/oaie/person2-address2931","chloe","30"
"http://www.okkam.org/oaie/person2-Person451","weston","07 72927334","6241823","19340821","http://www.okkam.org/oaie/person2-address451","laurenu","40"
"http://www.okkam.org/oaie/person2-Person3381","odgers","","1466089","19310312","http://www.okkam.org/oaie/person2-address3381","amelie","30"
"http://www.okkam.org/oaie/person2-Person2251","bradford","03 85405637","5956120","","http://www.okkam.org/oaie/person2-address2251","liam",""
"http://www.okkam.org/oaie/person2-Person21","goers","03 62767353","7162050","19000904","http://www.okkam.org/oaie/person2-address21","olivia","35"
"http://www.okkam.org/oaie/person2-Person491","rayner","02 71167414","8172489","19461231","http://www.okkam.org/oaie/person2-address491","jordan","31"
"http://www.okkam.org/oaie/person2-Person3891","brown","08 50878574","8477430","19310519","http://www.okkam.org/oaie/person2-address3891","jackson",""
"http://www.okkam.org/oaie/person2-Person3791","rugari","07 94468407","5284763","19380314","http://www.okkam.org/oaie/person2-address3791","dillon","35"
"http://www.okkam.org/oaie/person2-Person591","biddick","08 58718838","3033344","19951010","http://www.okkam.org/oaie/person2-address591","mattnew","32"
"http://www.okkam.org/oaie/person2-Person2801","mascord","03 11353952","5534571","19410712","http://www.okkam.org/oaie/person2-address2801","holly",""
"http://www.okkam.org/oaie/person2-Person321","hodgson","08 82966294","8125799","19281228","http://www.okkam.org/oaie/person2-address321","mitchell","31"
"http://www.okkam.org/oaie/person2-Person2381","halton","08 85071860","6296009","19631120","http://www.okkam.org/oaie/person2-address2381","alexandra","20"
"http://www.okkam.org/oaie/person2-Person3371","paterson","04 35022209","6859527","19590518","http://www.okkam.org/oaie/person2-address3371","dylan","31"
"http://www.okkam.org/oaie/person2-Person421","alexander","07 36101542","2529305","19560408","http://www.okkam.org/oaie/person2-address421","amber",""
"http://www.okkam.org/oaie/person2-Person461","scot","08 52622898","4465603","19190219","http://www.okkam.org/oaie/person2-address461","bethany","26"
"http://www.okkam.org/oaie/person2-Person2901","cumberbapch","08 70597870","4949085","19491217","http://www.okkam.org/oaie/person2-address2901","mikayla","26"
"http://www.okkam.org/oaie/person2-Person2241","beinke","07 82685897","6102463","19221123","http://www.okkam.org/oaie/person2-address2241","joshua","23"
"http://www.okkam.org/oaie/person2-Person2101","bolt","02 66394874","9759916","19350819","http://www.okkam.org/oaie/person2-address2101","alex","32"
"http://www.okkam.org/oaie/person2-Person3761","hawthorne","03 69670931","1919661","19960928","http://www.okkam.org/oaie/person2-address3761","giuliana",""
"http://www.okkam.org/oaie/person2-Person2811","nadels","04 13599814","9902114","","http://www.okkam.org/oaie/person2-address2811","ryley","31"
"http://www.okkam.org/oaie/person2-Person331","ru ssell","07 55270799","7248215","19670926","http://www.okkam.org/oaie/person2-address331","jordan","23"
"http://www.okkam.org/oaie/person2-Person2371","lackner","02 32815750","4134447","19300707","http://www.okkam.org/oaie/person2-address2371","nathan","36"
"http://www.okkam.org/oaie/person2-Person3361","camffermann","","1812350","","http://www.okkam.org/oaie/person2-address3361","nathan","29"
"http://www.okkam.org/oaie/person2-Person2231","worden","08 66501279","8410171","19320229","http://www.okkam.org/oaie/person2-address2231","ryley","36"
"http://www.okkam.org/oaie/person2-Person2911","preyser","04 10368419","4880516","19361223","http://www.okkam.org/oaie/person2-address2911","angus","17"
"http://www.okkam.org/oaie/person2-Person431","hitchenor","08 99854987","6463066","19790216","http://www.okkam.org/oaie/person2-address431","daniel","28"
"http://www.okkam.org/oaie/person2-Person471","scolyer","03 76674614","5154807","19651030","http://www.okkam.org/oaie/person2-address471","stephanie","30"
"http://www.okkam.org/oaie/person2-Person3771","jablonski","04 76951835","3952505","19171121","http://www.okkam.org/oaie/person2-address3771","chelsew","30"
"http://www.okkam.org/oaie/person2-Person2221","broome","07 16212172","5223086","19300124","http://www.okkam.org/oaie/person2-address2221","george","30"
"http://www.okkam.org/oaie/person2-Person3091","reid","03 29732195","8398314","19000513","http://www.okkam.org/oaie/person2-address3091","timoghy",""
"http://www.okkam.org/oaie/person2-Person401","easton","04 60531662","6723614","19611017","http://www.okkam.org/oaie/person2-address401","aice","40"
"http://www.okkam.org/oaie/person2-Person2321","williams","03 38862483","9125056","19481024","http://www.okkam.org/oaie/person2-address2321","adam","72"
"http://www.okkam.org/oaie/person2-Person2311","stirling","04 90399791","8127779","19761219","http://www.okkam.org/oaie/person2-address2311","lia","31"
"http://www.okkam.org/oaie/person2-Person2121","aranyos","07 21972085","9348135","19241020","http://www.okkam.org/oaie/person2-address2121","lily","33"
"http://www.okkam.org/oaie/person2-Person2021","kine","08 38489938","4933323","","http://www.okkam.org/oaie/person2-address2021","laura","34"
"http://www.okkam.org/oaie/person2-Person201","wadd","08 82018008","9335350","19120203","http://www.okkam.org/oaie/person2-address201","emiily",""
"http://www.okkam.org/oaie/person2-Person4181","matthnws","04 28018391","3447664","19130218","http://www.okkam.org/oaie/person2-address4181","jacob",""
"http://www.okkam.org/oaie/person2-Person3081","bolton","04 06268464","5773493","19380525","http://www.okkam.org/oaie/person2-address3081","april",""
"http://www.okkam.org/oaie/person2-Person2211","jones","03 55994393","6013623","","http://www.okkam.org/oaie/person2-address2211","marley","33"
"http://www.okkam.org/oaie/person2-Person411","maung","04 36298073","6697818","19210626","http://www.okkam.org/oaie/person2-address411","jamie","20"
"http://www.okkam.org/oaie/person2-Person2301","smedley","07 34817662","5112324","19490103","http://www.okkam.org/oaie/person2-address2301","neneh","26"
"http://www.okkam.org/oaie/person2-Person2111","frake","02 31231861","8028648","19470325","http://www.okkam.org/oaie/person2-address2111","cooper","31"
"http://www.okkam.org/oaie/person2-Person2011","malone","04 84000097","1822895","19760928","http://www.okkam.org/oaie/person2-address2011","james","20"
"http://www.okkam.org/oaie/person2-Person211","tapp","07 88821032","3322417","19030208","http://www.okkam.org/oaie/person2-address211","anthony","31"
"http://www.okkam.org/oaie/person2-Person2201","smigh","03 63521703","8305632","19870506","http://www.okkam.org/oaie/person2-address2201","dylan","26"
"http://www.okkam.org/oaie/person2-Person4171","friedrichs","08 97207433","9608968","19961008","http://www.okkam.org/oaie/person2-address4171","ruby",""
"http://www.okkam.org/oaie/person2-Person2341","chapman","08 96028094","8462196","19020407","http://www.okkam.org/oaie/person2-address2341","samuel","31"
"http://www.okkam.org/oaie/person2-Person2141","scounos","04 18642092","2234039","19830416","http://www.okkam.org/oaie/person2-address2141","alisha","31"
"http://www.okkam.org/oaie/person2-Person2001","winskill","03 30890780","4091012","19090224","http://www.okkam.org/oaie/person2-address2001","lily","31"
"http://www.okkam.org/oaie/person2-Person4691","hanson","08 71324865","8231359","19780505","http://www.okkam.org/oaie/person2-address4691","jarrod","28"
"http://www.okkam.org/oaie/person2-Person2331","lambert","04 03491218","6320046","19690711","http://www.okkam.org/oaie/person2-address2331","robbie","31"
"http://www.okkam.org/oaie/person2-Person2131","camp","03 68609059","4903321","19051011","http://www.okkam.org/oaie/person2-address2131","joel","31"
"http://www.okkam.org/oaie/person2-Person4291","anastasio","03 53298160","1864736","19300321","http://www.okkam.org/oaie/person2-address4291","jaiden","29"
"http://www.okkam.org/oaie/person2-Person4191","stevenson","07 20901372","8742584","19141015","http://www.okkam.org/oaie/person2-address4191","oliver","31"
"http://www.okkam.org/oaie/person2-Person4071","horseman","08 72040567","1075017","19190304","http://www.okkam.org/oaie/person2-address4071","adam",""
"http://www.okkam.org/oaie/person2-Person2061","haines","04 68234601","3614333","","http://www.okkam.org/oaie/person2-address2061","arabella","35"
"http://www.okkam.org/oaie/person2-Person4881","king","07 96383097","9245372","19650910","http://www.okkam.org/oaie/person2-address4881","patrick","22"
"http://www.okkam.org/oaie/person2-Person3591","lowe","02 82723616","7167942","19460802","http://www.okkam.org/oaie/person2-address3591","ethan","31"
"http://www.okkam.org/oaie/person2-Person1331","symons","08 71656314","4602422","19590111","http://www.okkam.org/oaie/person2-address1331","elizabeth",""
"http://www.okkam.org/oaie/person2-Person3301","piltz","03 51319677","1782028","19619413","http://www.okkam.org/oaie/person2-address3301","samantha","24"
"http://www.okkam.org/oaie/person2-Person4981","horsman","08 06049075","3652482","19950638","http://www.okkam.org/oaie/person2-address4981","lara","30"
"http://www.okkam.org/oaie/person2-Person3691","hodson","07 05294659","8876906","19100302","http://www.okkam.org/oaie/person2-address3691","charlotte","24"
"http://www.okkam.org/oaie/person2-Person2161","hansen","03 85293646","8241512","","http://www.okkam.org/oaie/person2-address2161","connor","35"
"http://www.okkam.org/oaie/person2-Person3401","zzlm","04 65796843","7357398","19480930","http://www.okkam.org/oaie/person2-address3401","mia","32"
"http://www.okkam.org/oaie/person2-Person2871","peck","04 27738839","1554962","19290924","http://www.okkam.org/oaie/person2-address2871","brody","27"
"http://www.okkam.org/oaie/person2-Person2861","spiliopoulos","08 47015508","6935285","19322012","http://www.okkam.org/oaie/person2-address2861","zac","31"
"http://www.okkam.org/oaie/person2-Person2451","archer","02 02380041","4334669","19857009","http://www.okkam.org/oaie/person2-address2451","alexandra","32"
"http://www.okkam.org/oaie/person2-Person1421","hogg","08 93396953","4248518","19361004","http://www.okkam.org/oaie/person2-address1421","brooke","34"
"http://www.okkam.org/oaie/person2-Person4781","mcnamara","03 65437041","8601605","19640822","http://www.okkam.org/oaie/person2-address4781","harley",""
"http://www.okkam.org/oaie/person2-Person1321","probert","02 98514420","3024002","19150621","http://www.okkam.org/oaie/person2-address1321","luka","26"
"http://www.okkam.org/oaie/person2-Person3311","diedrich","08 60999739","4464331","19662025","http://www.okkam.org/oaie/person2-address3311","emiily","37"
"http://www.okkam.org/oaie/person2-Person4681","chatwhn","04 75778674","5896557","19290831","http://www.okkam.org/oaie/person2-address4681","jarrod","38"
"http://www.okkam.org/oaie/person2-Person2551","mayfoield","04 06326336","1977236","19180902","http://www.okkam.org/oaie/person2-address2551","tiana","21"
"http://www.okkam.org/oaie/person2-Person4081","monaghan","08 09211728","3238763","19401203","http://www.okkam.org/oaie/person2-address4081","isabella","30"
"http://www.okkam.org/oaie/person2-Person4871","robb","02 04171508","7037382","","http://www.okkam.org/oaie/person2-address4871","jaimee","40"
"http://www.okkam.org/oaie/person2-Person3581","harrixson","03 91879400","2945064","19500218","http://www.okkam.org/oaie/person2-address3581","ethan","19"
"http://www.okkam.org/oaie/person2-Person2051","whalley","03 82725294","5766956","19221001","http://www.okkam.org/oaie/person2-address2051","joe","82"
"http://www.okkam.org/oaie/person2-Person2151","ruchs","08 40901857","3188856","19360114","http://www.okkam.org/oaie/person2-address2151","",""
"http://www.okkam.org/oaie/person2-Person4971","sweetman","04 70638416","5318780","19780499","http://www.okkam.org/oaie/person2-address4971","connor","26"
"http://www.okkam.org/oaie/person2-Person3681","kambanaros","03 93592233","8979130","19660525","http://www.okkam.org/oaie/person2-address3681","jack",""
"http://www.okkam.org/oaie/person2-Person2881","casey","08 31960036","6539069","19916218","http://www.okkam.org/oaie/person2-address2881","taylah","23"
"http://www.okkam.org/oaie/person2-Person4771","maio","02 78941692","7205305","19540522","http://www.okkam.org/oaie/person2-address4771","henry","30"
"http://www.okkam.org/oaie/person2-Person2461","frost","02 43059583","4907535","19700110","http://www.okkam.org/oaie/person2-address2461","isaac","32"
"http://www.okkam.org/oaie/person2-Person1411","martin","07 88051804","6999336","19760204","http://www.okkam.org/oaie/person2-address1411","thomas","29"
"http://www.okkam.org/oaie/person2-Person4671","mcfadden","08 56668233","2716498","19311108","http://www.okkam.org/oaie/person2-address4671","lara",""
"http://www.okkam.org/oaie/person2-Person1311","ochernal","02 19052145","1252172","19090923","http://www.okkam.org/oaie/person2-address1311","tommi-lre","30"
"http://www.okkam.org/oaie/person2-Person2561","hoto","07 79388945","1819558","19380427","http://www.okkam.org/oaie/person2-address2561","rebecca","31"
"http://www.okkam.org/oaie/person2-Person3571","house","03 24057258","1002506","","http://www.okkam.org/oaie/person2-address3571","luka","25"
"http://www.okkam.org/oaie/person2-Person2041","newell","03 79865199","7719475","19710317","http://www.okkam.org/oaie/person2-address2041","jarryd","31"
"http://www.okkam.org/oaie/person2-Person2181","morgan","02 67299144","4359208","19306713","http://www.okkam.org/oaie/person2-address2181","chelsea",""
"http://www.okkam.org/oaie/person2-Person4861","britza","07 97056896","3670322","19421009","http://www.okkam.org/oaie/person2-address4861","brianna",""
"http://www.okkam.org/oaie/person2-Person4051","douglass","08 90702952","3647372","19120420","http://www.okkam.org/oaie/person2-address4051","caitlin","34"
"http://www.okkam.org/oaie/person2-Person2991","carey","02 31589612","2948233","19940714","http://www.okkam.org/oaie/person2-address2991","thomqs",""
"http://www.okkam.org/oaie/person2-Person2891","palecek","02 56835406","5655580","19300205","http://www.okkam.org/oaie/person2-address2891","caleb","37"
"http://www.okkam.org/oaie/person2-Person2421","daniel","03 49837348","6465012","19030505","http://www.okkam.org/oaie/person2-address2421","caitlin","35"
"http://www.okkam.org/oaie/person2-Person1451","colavecchio","04 90293389","2795240","","http://www.okkam.org/oaie/person2-address1451","matthww","37"
"http://www.okkam.org/oaie/person2-Person3431","lowe","04 84929348","6512553","19238122","http://www.okkam.org/oaie/person2-address3431","jack",""
"http://www.okkam.org/oaie/person2-Person2431","davidson","08 89763550","4895115","19690115","http://www.okkam.org/oaie/person2-address2431","ryan",""
"http://www.okkam.org/oaie/person2-Person4661","panawo","04 02919656","1269996","19231017","http://www.okkam.org/oaie/person2-address4661","caitlin","33"
"http://www.okkam.org/oaie/person2-Person2571","poroch","03 58555362","1856981","","http://www.okkam.org/oaie/person2-address2571","matthew","31"
"http://www.okkam.org/oaie/person2-Person1301","fox","02 37988758","5546363","","http://www.okkam.org/oaie/person2-address1301","nicholas","28"
"http://www.okkam.org/oaie/person2-Person4851","cotton","02 64457818","6195874","19980815","http://www.okkam.org/oaie/person2-address4851","edward","37"
"http://www.okkam.org/oaie/person2-Person2031","roche","07 45656116","4371610","19670709","http://www.okkam.org/oaie/person2-address2031","blake",""
"http://www.okkam.org/oaie/person2-Person3561","gajoc","04 19571716","9739001","19430116","http://www.okkam.org/oaie/person2-address3561","yana","22"
"http://www.okkam.org/oaie/person2-Person4061","johnstone","03 99737308","6815270","19140508","http://www.okkam.org/oaie/person2-address4061","emiily","24"
"http://www.okkam.org/oaie/person2-Person1441","rivett","04 34319980","7854005","19621116","http://www.okkam.org/oaie/person2-address1441","alicia","31"
"http://www.okkam.org/oaie/person2-Person3411","moldovan","02 21707700","8637159","19968002","http://www.okkam.org/oaie/person2-address3411","matthew","31"
"http://www.okkam.org/oaie/person2-Person2171","hill","03 48990900","2586492","19820914","http://www.okkam.org/oaie/person2-address2171","joyshua","24"
"http://www.okkam.org/oaie/person2-Person4991","aloan","08 70590060","9486295","19691006","http://www.okkam.org/oaie/person2-address4991","braiden","28"
"http://www.okkam.org/oaie/person2-Person4791","mclennan","03 17336989","3675815","19770323","http://www.okkam.org/oaie/person2-address4791","teal",""
"http://www.okkam.org/oaie/person2-Person1431","livingstone","07 48037186","7346195","","http://www.okkam.org/oaie/person2-address1431","william","24"
"http://www.okkam.org/oaie/person2-Person3421","ballard","","4457147","19860213","http://www.okkam.org/oaie/person2-address3421","alana","28"
"http://www.okkam.org/oaie/person2-Person2441","daddow","08 64092107","2732429","19921016","http://www.okkam.org/oaie/person2-address2441","luke","40"
"http://www.okkam.org/oaie/person2-Person4651","costi","02 44881625","4750952","19476010","http://www.okkam.org/oaie/person2-address4651","ayden",""
"http://www.okkam.org/oaie/person2-Person2581","muncr","03 74826496","6184296","19570601","http://www.okkam.org/oaie/person2-address2581","jed",""
"http://www.okkam.org/oaie/person2-Person4841","burfield","03 25442168","7431275","","http://www.okkam.org/oaie/person2-address4841","flynn","25"
"http://www.okkam.org/oaie/person2-Person4731","sawyer","04 92666038","6295056","19490725","http://www.okkam.org/oaie/person2-address4731","flynn","20"
"http://www.okkam.org/oaie/person2-Person3651","halk","07 70695560","2067287","19271124","http://www.okkam.org/oaie/person2-address3651","alec","24"
"http://www.okkam.org/oaie/person2-Person2691","jojn","03 19780881","9781206","19301021","http://www.okkam.org/oaie/person2-address2691","joel",""
"http://www.okkam.org/oaie/person2-Person3551","langrehr","02 55877086","6425119","19800929","http://www.okkam.org/oaie/person2-address3551","tynan","34"
"http://www.okkam.org/oaie/person2-Person2791","penta","07 75773769","2183461","19810501","http://www.okkam.org/oaie/person2-address2791","lauren","28"
"http://www.okkam.org/oaie/person2-Person1591","beaven","08 92770800","1235954","19391127","http://www.okkam.org/oaie/person2-address1591","tiarma",""
"http://www.okkam.org/oaie/person2-Person2591","stow","07 05184398","2311725","19680620","http://www.okkam.org/oaie/person2-address2591","jayde","29"
"http://www.okkam.org/oaie/person2-Person2961","balbin","03 76945779","1678302","19960807","http://www.okkam.org/oaie/person2-address2961","emma","30"
"http://www.okkam.org/oaie/person2-Person3351","ceramidas","08 84624916","4700739","19400125","http://www.okkam.org/oaie/person2-address3351","connpr","27"
"http://www.okkam.org/oaie/person2-Person4641","tuul","03 31141207","8805649","19660421","http://www.okkam.org/oaie/person2-address4641","caitlin","34"
"http://www.okkam.org/oaie/person2-Person4741","radford","03 79131815","3305916","19081127","http://www.okkam.org/oaie/person2-address4741","ashloe","34"
"http://www.okkam.org/oaie/person2-Person2821","coombe","04 75623090","4423238","19780724","http://www.okkam.org/oaie/person2-address2821","esther","28"
"http://www.okkam.org/oaie/person2-Person2491","fullwood","07 48459144","7910108","19650329","http://www.okkam.org/oaie/person2-address2491","cameron","33"
"http://www.okkam.org/oaie/person2-Person3451","jauncey","04 85981614","7526839","19160502","http://www.okkam.org/oaie/person2-address3451","flynn","31"
"http://www.okkam.org/oaie/person2-Person2091","smith","07 87468784","9227670","19350825","http://www.okkam.org/oaie/person2-address2091","bailey",""
"http://www.okkam.org/oaie/person2-Person4721","hughes","04 69370786","1265467","","http://www.okkam.org/oaie/person2-address4721","bethany","17"
"http://www.okkam.org/oaie/person2-Person3641","wills","","9105549","19020202","http://www.okkam.org/oaie/person2-address3641","jessica","25"
"http://www.okkam.org/oaie/person2-Person2981","henderson","04 34153879","4597809","19740302","http://www.okkam.org/oaie/person2-address2981","daniel","35"
"http://www.okkam.org/oaie/person2-Person4621","rawsob","04 09456085","2793374","19130816","http://www.okkam.org/oaie/person2-address4621","bianca",""
"http://www.okkam.org/oaie/person2-Person3541","anderson","03 32939344","1964986","19191215","http://www.okkam.org/oaie/person2-address3541","elly",""
"http://www.okkam.org/oaie/person2-Person1581","stevens","07 53476707","8386589","19240306","http://www.okkam.org/oaie/person2-address1581","matthew","29"
"http://www.okkam.org/oaie/person2-Person2191","boee","","5674744","19410828","http://www.okkam.org/oaie/person2-address2191","ashlie","22"
"http://www.okkam.org/oaie/person2-Person3341","brant","08 43009388","5220308","19181024","http://www.okkam.org/oaie/person2-address3341","kirra","27"
"http://www.okkam.org/oaie/person2-Person4631","greer","07 88636232","2668104","19250329","http://www.okkam.org/oaie/person2-address4631","jack","34"
"http://www.okkam.org/oaie/person2-Person2971","clarke","08 28599865","6669696","19880085","http://www.okkam.org/oaie/person2-address2971","oliver","40"
"http://www.okkam.org/oaie/person2-Person2831","webb","03 05341213","1061248","19900324","http://www.okkam.org/oaie/person2-address2831","lucy","31"
"http://www.okkam.org/oaie/person2-Person3631","cooper","03 77471540","7866360","19921113","http://www.okkam.org/oaie/person2-address3631","samuel","28"
"http://www.okkam.org/oaie/person2-Person2291","rundle","08 92927308","3197701","19670529","http://www.okkam.org/oaie/person2-address2291","lachlan","34"
"http://www.okkam.org/oaie/person2-Person2391","maleky","03 64687025","4467384","19390706","http://www.okkam.org/oaie/person2-address2391","gracie",""
"http://www.okkam.org/oaie/person2-Person3441","lupton","07 91612002","8751026","19080897","http://www.okkam.org/oaie/person2-address3441","","28"
"http://www.okkam.org/oaie/person2-Person1201","van ham","07 27167007","8194126","19450716","http://www.okkam.org/oaie/person2-address1201","harrit","29"
"http://www.okkam.org/oaie/person2-Person3671","raimondo","07 94579219","8832990","19231010","http://www.okkam.org/oaie/person2-address3671","mia","36"
"http://www.okkam.org/oaie/person2-Person2671","haensel","","3206516","19490224","http://www.okkam.org/oaie/person2-address2671","jack","29"
"http://www.okkam.org/oaie/person2-Person2081","prior","04 23825360","4724137","19810128","http://www.okkam.org/oaie/person2-address2081","kane","25"
"http://www.okkam.org/oaie/person2-Person4091","dunning","08 69641590","9777461","19491008","http://www.okkam.org/oaie/person2-address4091","zac","23"
"http://www.okkam.org/oaie/person2-Person3531","kakoschke","08 10218428","5646528","19490115","http://www.okkam.org/oaie/person2-address3531","harry","30"
"http://www.okkam.org/oaie/person2-Person4611","doecke","","6347564","19141104","http://www.okkam.org/oaie/person2-address4611","harry","28"
"http://www.okkam.org/oaie/person2-Person2281","altamura","08 45061832","7175080","","http://www.okkam.org/oaie/person2-address2281","max","28"
"http://www.okkam.org/oaie/person2-Person2941","choat","03 42721936","5564800","19111112","http://www.okkam.org/oaie/person2-address2941","kynaj","28"
"http://www.okkam.org/oaie/person2-Person3521","","07 02283148","2965909","19850929","http://www.okkam.org/oaie/person2-address3521","","26"
"http://www.okkam.org/oaie/person2-Person3331","bruce","04 64854303","4554970","19410201","http://www.okkam.org/oaie/person2-address3331","thomas","22"
"http://www.okkam.org/oaie/person2-Person1401","rilllng","04 30400283","7052448","19940729","http://www.okkam.org/oaie/person2-address1401","cameron","26"
"http://www.okkam.org/oaie/person2-Person2471","moynham","08 87324697","7304550","19791120","http://www.okkam.org/oaie/person2-address2471","henry","33"
"http://www.okkam.org/oaie/person2-Person4761","britcher","07 40730324","2002052","19740314","http://www.okkam.org/oaie/person2-address4761","william",""
"http://www.okkam.org/oaie/person2-Person3471","bofgfa","07 31456940","7928576","19200413","http://www.okkam.org/oaie/person2-address3471","darcy","31"
"http://www.okkam.org/oaie/person2-Person2841","mcdonald","02 76982633","4057674","19300518","http://www.okkam.org/oaie/person2-address2841","emiily",""
"http://www.okkam.org/oaie/person2-Person3661","spiwlling","02 19280383","1053038","19020629","http://www.okkam.org/oaie/person2-address3661","annabelle","26"
"http://www.okkam.org/oaie/person2-Person2071","butler","08 66076664","9860991","19170605","http://www.okkam.org/oaie/person2-address2071","aidab","33"
"http://www.okkam.org/oaie/person2-Person2681","yeend","03 94789330","8700281","19050630","http://www.okkam.org/oaie/person2-address2681","carmen","21"
"http://www.okkam.org/oaie/person2-Person4601","radford","02 48985622","5459602","19100422","http://www.okkam.org/oaie/person2-address4601","holly",""
"http://www.okkam.org/oaie/person2-Person4891","trezize","08 09829504","3684818","19731224","http://www.okkam.org/oaie/person2-address4891","grace","26"
"http://www.okkam.org/oaie/person2-Person3511","thorp","02 72587266","5975409","19850510","http://www.okkam.org/oaie/person2-address3511","oscar",""
"http://www.okkam.org/oaie/person2-Person2951","reif","03 84136744","5322768","19050102","http://www.okkam.org/oaie/person2-address2951","madison","34"
"http://www.okkam.org/oaie/person2-Person2271","billing","08 77936088","6729017","19590112","http://www.okkam.org/oaie/person2-address2271","daniel","31"
"http://www.okkam.org/oaie/person2-Person3321","hughes","03 47149129","2748326","19930704","http://www.okkam.org/oaie/person2-address3321","jai",""
"http://www.okkam.org/oaie/person2-Person2481","crow","03 34625700","7799522","19531063","http://www.okkam.org/oaie/person2-address2481","dylan","22"
"http://www.okkam.org/oaie/person2-Person4751","rothe","02 98745517","6166380","19900421","http://www.okkam.org/oaie/person2-address4751","jett","25"
"http://www.okkam.org/oaie/person2-Person2851","mcdonald","03 71056990","2904944","19871110","http://www.okkam.org/oaie/person2-address2851","ash","36"
"http://www.okkam.org/oaie/person2-Person3461","sabet-sarvestani","03 64470248","9734683","19491107","http://www.okkam.org/oaie/person2-address3461","jamds","25"
