"ID","name","phone_number"
"http://www.okkam.org/oaie/restaurant2-Restaurant668","nicky blair's","702-792-9900"
"http://www.okkam.org/oaie/restaurant2-Restaurant667","morton's of chicago (las vegas)","702-893-0703"
"http://www.okkam.org/oaie/restaurant2-Restaurant321","pamir","212/644-9258"
"http://www.okkam.org/oaie/restaurant2-Restaurant669","piero's restaurant","702-369-2305"
"http://www.okkam.org/oaie/restaurant2-Restaurant320","palio","212/245-4850"
"http://www.okkam.org/oaie/restaurant2-Restaurant323","patria","212/777-6211"
"http://www.okkam.org/oaie/restaurant2-Restaurant322","parioli romanissimo","212/288-2391"
"http://www.okkam.org/oaie/restaurant2-Restaurant469","faz","415/362-0404"
"http://www.okkam.org/oaie/restaurant2-Restaurant325","pen & pencil","212/682-8660"
"http://www.okkam.org/oaie/restaurant2-Restaurant324","peacock alley","212/872-4895"
"http://www.okkam.org/oaie/restaurant2-Restaurant660","fiore rotisserie & grille","702-252-7702"
"http://www.okkam.org/oaie/restaurant2-Restaurant327","persepolis","212/535-1100"
"http://www.okkam.org/oaie/restaurant2-Restaurant271","ipanema","212/730-5848"
"http://www.okkam.org/oaie/restaurant2-Restaurant466","chevys","415/543-8060"
"http://www.okkam.org/oaie/restaurant2-Restaurant326","penang soho","212/274-8883"
"http://www.okkam.org/oaie/restaurant2-Restaurant270","internet cafe","212/ 614-0747"
"http://www.okkam.org/oaie/restaurant2-Restaurant465","carta","415/863-3516"
"http://www.okkam.org/oaie/restaurant2-Restaurant662","madame ching's","702-894-7111"
"http://www.okkam.org/oaie/restaurant2-Restaurant329","pomaire","212/ 956-3055"
"http://www.okkam.org/oaie/restaurant2-Restaurant273","jewel of india","212/869-5544"
"http://www.okkam.org/oaie/restaurant2-Restaurant468","des alpes","415/788-9900"
"http://www.okkam.org/oaie/restaurant2-Restaurant661","hugo's cellar","702-385-4011"
"http://www.okkam.org/oaie/restaurant2-Restaurant328","planet hollywood","212/333-7827"
"http://www.okkam.org/oaie/restaurant2-Restaurant272","jean lafitte","212/751-2323"
"http://www.okkam.org/oaie/restaurant2-Restaurant467","cypress club","415/296-8555"
"http://www.okkam.org/oaie/restaurant2-Restaurant664","michael's (las vegas)","702-737-7111"
"http://www.okkam.org/oaie/restaurant2-Restaurant462","cafe marimba","415/776-1506"
"http://www.okkam.org/oaie/restaurant2-Restaurant663","mayflower cuisinier","702-870-8432"
"http://www.okkam.org/oaie/restaurant2-Restaurant461","cafe adriano","415/474-4180"
"http://www.okkam.org/oaie/restaurant2-Restaurant666","moongate","702-791-7352"
"http://www.okkam.org/oaie/restaurant2-Restaurant464","capp's corner","415/989-2589"
"http://www.okkam.org/oaie/restaurant2-Restaurant665","monte carlo","702-733-4524"
"http://www.okkam.org/oaie/restaurant2-Restaurant463","california culinary academy","415/771-3500"
"http://www.okkam.org/oaie/restaurant2-Restaurant267","il nido","212/753-8450"
"http://www.okkam.org/oaie/restaurant2-Restaurant268","inca grill","212/966-3371"
"http://www.okkam.org/oaie/restaurant2-Restaurant269","indochine","212/505-5111"
"http://www.okkam.org/oaie/restaurant2-Restaurant470","fog city diner","415/982-2000"
"http://www.okkam.org/oaie/restaurant2-Restaurant471","garden court","415/546-5011"
"http://www.okkam.org/oaie/restaurant2-Restaurant263","home","212/243-9579"
"http://www.okkam.org/oaie/restaurant2-Restaurant264","hudson river club","212/786-1500"
"http://www.okkam.org/oaie/restaurant2-Restaurant265","i trulli","212/481-7372"
"http://www.okkam.org/oaie/restaurant2-Restaurant266","il cortile","212/226-6060"
"http://www.okkam.org/oaie/restaurant2-Restaurant332","rain","212/501-0776"
"http://www.okkam.org/oaie/restaurant2-Restaurant331","post house","212/935-2888"
"http://www.okkam.org/oaie/restaurant2-Restaurant330","popover cafe","212/595-8555"
"http://www.okkam.org/oaie/restaurant2-Restaurant679","bistro  the","404-231-5733"
"http://www.okkam.org/oaie/restaurant2-Restaurant678","barbecue kitchen","404-766-9906"
"http://www.okkam.org/oaie/restaurant2-Restaurant336","roettelle a. g","212/674-4140"
"http://www.okkam.org/oaie/restaurant2-Restaurant335","republic","212/627-7172"
"http://www.okkam.org/oaie/restaurant2-Restaurant334","remi","212/581-4242"
"http://www.okkam.org/oaie/restaurant2-Restaurant333","red tulip","212/734-4893"
"http://www.okkam.org/oaie/restaurant2-Restaurant479","helmand","415/362-0641"
"http://www.okkam.org/oaie/restaurant2-Restaurant673","sterling brunch","702-739-4651"
"http://www.okkam.org/oaie/restaurant2-Restaurant284","layla","212/431-0700"
"http://www.okkam.org/oaie/restaurant2-Restaurant339","s.p.q.r","212/925-3120"
"http://www.okkam.org/oaie/restaurant2-Restaurant478","hayes street grill","415/863-5545"
"http://www.okkam.org/oaie/restaurant2-Restaurant283","lattanzi ristorante","212/315-0980"
"http://www.okkam.org/oaie/restaurant2-Restaurant672","stefano's","702-385-7111"
"http://www.okkam.org/oaie/restaurant2-Restaurant338","ruth's chris","212/245-9600"
"http://www.okkam.org/oaie/restaurant2-Restaurant477","harry denton's","415/882-1333"
"http://www.okkam.org/oaie/restaurant2-Restaurant671","steakhouse  the","702-382-1600"
"http://www.okkam.org/oaie/restaurant2-Restaurant282","lanza restaurant","212/674-7014"
"http://www.okkam.org/oaie/restaurant2-Restaurant337","rosa mexicano","212/753-7407"
"http://www.okkam.org/oaie/restaurant2-Restaurant476","harris'","415/673-1888"
"http://www.okkam.org/oaie/restaurant2-Restaurant281","la reserve","212/247-2993"
"http://www.okkam.org/oaie/restaurant2-Restaurant670","spago (las vegas)","702-369-6300"
"http://www.okkam.org/oaie/restaurant2-Restaurant475","harbor village","415/781-8833"
"http://www.okkam.org/oaie/restaurant2-Restaurant280","l'udo","212/388-0978"
"http://www.okkam.org/oaie/restaurant2-Restaurant677","baker's cajun cafe","404-223-5039"
"http://www.okkam.org/oaie/restaurant2-Restaurant676","alon's at the terrace","404-724-0444"
"http://www.okkam.org/oaie/restaurant2-Restaurant474","greens","415/771-6222"
"http://www.okkam.org/oaie/restaurant2-Restaurant675","103 west","404-233-5993"
"http://www.okkam.org/oaie/restaurant2-Restaurant473","grand cafe hotel monaco","415/292-0101"
"http://www.okkam.org/oaie/restaurant2-Restaurant674","tre visi","702-891-7331"
"http://www.okkam.org/oaie/restaurant2-Restaurant472","gaylord's","415/771-8822"
"http://www.okkam.org/oaie/restaurant2-Restaurant481","hong kong villa","415/752-8833"
"http://www.okkam.org/oaie/restaurant2-Restaurant482","hyde street bistro","415/441-7778"
"http://www.okkam.org/oaie/restaurant2-Restaurant278","l'auberge","212/288-8791"
"http://www.okkam.org/oaie/restaurant2-Restaurant480","hong kong flower lounge","415/668-8998"
"http://www.okkam.org/oaie/restaurant2-Restaurant279","l'auberge du midi","212/242-4705"
"http://www.okkam.org/oaie/restaurant2-Restaurant276","judson grill","212/582-5252"
"http://www.okkam.org/oaie/restaurant2-Restaurant277","l'absinthe","212/794-4950"
"http://www.okkam.org/oaie/restaurant2-Restaurant680","bobby & june's kountry kitchen","404-876-3872"
"http://www.okkam.org/oaie/restaurant2-Restaurant274","jimmy sung's","212/682-5678"
"http://www.okkam.org/oaie/restaurant2-Restaurant275","joe allen","212/581-6464"
"http://www.okkam.org/oaie/restaurant2-Restaurant448","ralph's diner","702/732-6330"
"http://www.okkam.org/oaie/restaurant2-Restaurant345","sea grill","212/332-7610"
"http://www.okkam.org/oaie/restaurant2-Restaurant447","pamplemousse","702/733-2066"
"http://www.okkam.org/oaie/restaurant2-Restaurant649","thailand restaurant","212-349-3132"
"http://www.okkam.org/oaie/restaurant2-Restaurant344","sarabeth's kitchen","212/496-6280"
"http://www.okkam.org/oaie/restaurant2-Restaurant347","seventh regiment mess and bar","212/744-4107"
"http://www.okkam.org/oaie/restaurant2-Restaurant449","the bacchanal","702/731-7525"
"http://www.okkam.org/oaie/restaurant2-Restaurant346","serendipity","212/838-3531"
"http://www.okkam.org/oaie/restaurant2-Restaurant341","sammy's roumanian steak house","212/673-0330"
"http://www.okkam.org/oaie/restaurant2-Restaurant646","szechuan kitchen","212-249-4615"
"http://www.okkam.org/oaie/restaurant2-Restaurant340","sal anthony's","212/982-9030"
"http://www.okkam.org/oaie/restaurant2-Restaurant645","szechuan hunan cottage","212-535-5223"
"http://www.okkam.org/oaie/restaurant2-Restaurant343","sant ambroeus","212/570-2211"
"http://www.okkam.org/oaie/restaurant2-Restaurant648","thai house cafe","212-334-1085"
"http://www.okkam.org/oaie/restaurant2-Restaurant342","san pietro","212/753-9015"
"http://www.okkam.org/oaie/restaurant2-Restaurant647","teresa's","718-520-2910"
"http://www.okkam.org/oaie/restaurant2-Restaurant440","golden nugget hotel","702/385-7111"
"http://www.okkam.org/oaie/restaurant2-Restaurant642","stick to your ribs","718-937-3030"
"http://www.okkam.org/oaie/restaurant2-Restaurant641","sparks steak house","212-687-4855"
"http://www.okkam.org/oaie/restaurant2-Restaurant442","lillie langtry's","702/385-7111"
"http://www.okkam.org/oaie/restaurant2-Restaurant644","sylvia's","212-996-0660"
"http://www.okkam.org/oaie/restaurant2-Restaurant441","golden steer","702/384-4470"
"http://www.okkam.org/oaie/restaurant2-Restaurant643","sushisay","212-755-1780"
"http://www.okkam.org/oaie/restaurant2-Restaurant444","margarita's mexican cantina","702/794-8200"
"http://www.okkam.org/oaie/restaurant2-Restaurant349","shaan","212/ 977-8400"
"http://www.okkam.org/oaie/restaurant2-Restaurant443","mandarin court","702/737-1234"
"http://www.okkam.org/oaie/restaurant2-Restaurant348","sfuzzi","212/873-3700"
"http://www.okkam.org/oaie/restaurant2-Restaurant446","mikado","702/791-7111"
"http://www.okkam.org/oaie/restaurant2-Restaurant251","frico bar","212/564-7272"
"http://www.okkam.org/oaie/restaurant2-Restaurant640","sarabeth's","212-410-7335"
"http://www.okkam.org/oaie/restaurant2-Restaurant445","mary's diner","702/454-8073"
"http://www.okkam.org/oaie/restaurant2-Restaurant250","french roast cafe","212/799-1533"
"http://www.okkam.org/oaie/restaurant2-Restaurant241","fiorello's roman cafe","212/595-5330"
"http://www.okkam.org/oaie/restaurant2-Restaurant242","firehouse","212/595-3139"
"http://www.okkam.org/oaie/restaurant2-Restaurant243","first","212/674-3823"
"http://www.okkam.org/oaie/restaurant2-Restaurant244","fishin eddie","212/874-3474"
"http://www.okkam.org/oaie/restaurant2-Restaurant245","fleur de jour","212/355-2020"
"http://www.okkam.org/oaie/restaurant2-Restaurant246","flowers","212/691-8888"
"http://www.okkam.org/oaie/restaurant2-Restaurant247","follonico","212/691-6359"
"http://www.okkam.org/oaie/restaurant2-Restaurant248","fraunces tavern","212/269-0144"
"http://www.okkam.org/oaie/restaurant2-Restaurant249","french roast","212/533-2233"
"http://www.okkam.org/oaie/restaurant2-Restaurant350","sofia fabulous pizza","212/734-2676"
"http://www.okkam.org/oaie/restaurant2-Restaurant358","teresa's","212/228-0604"
"http://www.okkam.org/oaie/restaurant2-Restaurant357","tapika","212/ 397-3737"
"http://www.okkam.org/oaie/restaurant2-Restaurant459","bizou","415/543-2222"
"http://www.okkam.org/oaie/restaurant2-Restaurant356","tang pavillion","212/956-6888"
"http://www.okkam.org/oaie/restaurant2-Restaurant458","bix","415/433-6300"
"http://www.okkam.org/oaie/restaurant2-Restaurant355","t salon","212/925-3700"
"http://www.okkam.org/oaie/restaurant2-Restaurant659","emeril's new orleans fish house","702-891-7374"
"http://www.okkam.org/oaie/restaurant2-Restaurant354","sweet'n'tart cafe","212/334-8088"
"http://www.okkam.org/oaie/restaurant2-Restaurant658","buzio's in the rio","702-252-7697"
"http://www.okkam.org/oaie/restaurant2-Restaurant353","stingray","212/501-7515"
"http://www.okkam.org/oaie/restaurant2-Restaurant657","buccaneer bay club","702-894-7350"
"http://www.okkam.org/oaie/restaurant2-Restaurant352","stage deli","212/245-7850"
"http://www.okkam.org/oaie/restaurant2-Restaurant656","andre's french restaurant","702-385-5016"
"http://www.okkam.org/oaie/restaurant2-Restaurant351","spring street natural restaurant & bar","212/966-0290"
"http://www.okkam.org/oaie/restaurant2-Restaurant655","zarela","212-644-6740"
"http://www.okkam.org/oaie/restaurant2-Restaurant453","2223","415/431-0692"
"http://www.okkam.org/oaie/restaurant2-Restaurant654","yama","212-475-0969"
"http://www.okkam.org/oaie/restaurant2-Restaurant452","yolie's","702/794-0700"
"http://www.okkam.org/oaie/restaurant2-Restaurant653","wollensky's grill","212-753-0444"
"http://www.okkam.org/oaie/restaurant2-Restaurant451","viva mercado's","702/871-8826"
"http://www.okkam.org/oaie/restaurant2-Restaurant652","windows on the world","212-524-7000"
"http://www.okkam.org/oaie/restaurant2-Restaurant450","venetian","702/876-4190"
"http://www.okkam.org/oaie/restaurant2-Restaurant262","hi-life restaurant and lounge","212/249-3600"
"http://www.okkam.org/oaie/restaurant2-Restaurant651","westside cottage","212-245-0800"
"http://www.okkam.org/oaie/restaurant2-Restaurant457","bistro roti","415/495-6500"
"http://www.okkam.org/oaie/restaurant2-Restaurant261","hard rock cafe","212/489-6565"
"http://www.okkam.org/oaie/restaurant2-Restaurant650","veselka","212-228-9682"
"http://www.okkam.org/oaie/restaurant2-Restaurant456","betelnut","415/929-8855"
"http://www.okkam.org/oaie/restaurant2-Restaurant260","halcyon","212/468-8888"
"http://www.okkam.org/oaie/restaurant2-Restaurant455","bardelli's","415/982-0243"
"http://www.okkam.org/oaie/restaurant2-Restaurant454","acquarello","415/567-5432"
"http://www.okkam.org/oaie/restaurant2-Restaurant359","terrace","212/666-9490"
"http://www.okkam.org/oaie/restaurant2-Restaurant254","gallagher's","212/245-5336"
"http://www.okkam.org/oaie/restaurant2-Restaurant255","gianni's","212/608-7300"
"http://www.okkam.org/oaie/restaurant2-Restaurant252","fujiyama mama","212/769-1144"
"http://www.okkam.org/oaie/restaurant2-Restaurant253","gabriela's","212/961-0574"
"http://www.okkam.org/oaie/restaurant2-Restaurant258","golden unicorn","212/ 941-0911"
"http://www.okkam.org/oaie/restaurant2-Restaurant259","grand ticino","212/777-5922"
"http://www.okkam.org/oaie/restaurant2-Restaurant460","buca giovanni","415/776-7766"
"http://www.okkam.org/oaie/restaurant2-Restaurant256","girafe","212/752-3054"
"http://www.okkam.org/oaie/restaurant2-Restaurant257","global","212/477-8427"
"http://www.okkam.org/oaie/restaurant2-Restaurant360","the coffee pot","212/265-3566"
"http://www.okkam.org/oaie/restaurant2-Restaurant361","the savannah club","212/496-1066"
"http://www.okkam.org/oaie/restaurant2-Restaurant726","doidge's","415-921-2149"
"http://www.okkam.org/oaie/restaurant2-Restaurant727","dottie's true blue cafe","415-885-2767"
"http://www.okkam.org/oaie/restaurant2-Restaurant728","dusit thai","415-826-4639"
"http://www.okkam.org/oaie/restaurant2-Restaurant729","ebisu","415-566-1770"
"http://www.okkam.org/oaie/restaurant2-Restaurant722","cafe flore","415-621-8579"
"http://www.okkam.org/oaie/restaurant2-Restaurant620","kiev","212-674-4040"
"http://www.okkam.org/oaie/restaurant2-Restaurant723","caffe greco","415-397-6261"
"http://www.okkam.org/oaie/restaurant2-Restaurant621","kuruma zushi","212-317-2802"
"http://www.okkam.org/oaie/restaurant2-Restaurant724","campo santo","415-433-9623"
"http://www.okkam.org/oaie/restaurant2-Restaurant622","la caridad","212-874-2780"
"http://www.okkam.org/oaie/restaurant2-Restaurant725","cha cha cha's","415-386-5758"
"http://www.okkam.org/oaie/restaurant2-Restaurant623","la grenouille","212-752-1495"
"http://www.okkam.org/oaie/restaurant2-Restaurant362","trattoria dell'arte","212/245-9800"
"http://www.okkam.org/oaie/restaurant2-Restaurant624","lemongrass grill","718-399-7100"
"http://www.okkam.org/oaie/restaurant2-Restaurant363","triangolo","212/472-4488"
"http://www.okkam.org/oaie/restaurant2-Restaurant364","tribeca grill","212/941-3900"
"http://www.okkam.org/oaie/restaurant2-Restaurant720","zab-e-lee","404-768-2705"
"http://www.okkam.org/oaie/restaurant2-Restaurant625","lombardi's","212-941-7994"
"http://www.okkam.org/oaie/restaurant2-Restaurant365","trois jean","212/988-4858"
"http://www.okkam.org/oaie/restaurant2-Restaurant721","bill's place","415-221-5262"
"http://www.okkam.org/oaie/restaurant2-Restaurant626","marnie's noodle shop","212-741-3214"
"http://www.okkam.org/oaie/restaurant2-Restaurant366","tse yang","212/688-5447"
"http://www.okkam.org/oaie/restaurant2-Restaurant627","menchanko-tei","212-247-1585"
"http://www.okkam.org/oaie/restaurant2-Restaurant367","turkish kitchen","212/679-1810"
"http://www.okkam.org/oaie/restaurant2-Restaurant628","mitali east-west","212-989-1367"
"http://www.okkam.org/oaie/restaurant2-Restaurant368","two two two","212/799-0400"
"http://www.okkam.org/oaie/restaurant2-Restaurant629","monsoon (ny)","212-580-8686"
"http://www.okkam.org/oaie/restaurant2-Restaurant369","veniero's pasticceria","212/674-7264"
"http://www.okkam.org/oaie/restaurant2-Restaurant370","verbena","212/260-5454"
"http://www.okkam.org/oaie/restaurant2-Restaurant228","dix et sept","212/645-8023"
"http://www.okkam.org/oaie/restaurant2-Restaurant227","diva","212/941-9024"
"http://www.okkam.org/oaie/restaurant2-Restaurant372","vince & eddie's","212/721-0068"
"http://www.okkam.org/oaie/restaurant2-Restaurant371","victor's cafe","212/586-7714"
"http://www.okkam.org/oaie/restaurant2-Restaurant229","docks","212/ 986-8080"
"http://www.okkam.org/oaie/restaurant2-Restaurant224","cupcake cafe","212/465-1530"
"http://www.okkam.org/oaie/restaurant2-Restaurant223","corrado cafe","212/753-5100"
"http://www.okkam.org/oaie/restaurant2-Restaurant226","dean & deluca","212/254-8776"
"http://www.okkam.org/oaie/restaurant2-Restaurant225","da nico","212/343-1212"
"http://www.okkam.org/oaie/restaurant2-Restaurant220","cite","212/956-7100"
"http://www.okkam.org/oaie/restaurant2-Restaurant222","columbus bakery","212/421-0334"
"http://www.okkam.org/oaie/restaurant2-Restaurant221","coco pazzo","212/794-0205"
"http://www.okkam.org/oaie/restaurant2-Restaurant739","mel's drive-in","415-387-2244"
"http://www.okkam.org/oaie/restaurant2-Restaurant240","film center cafe","212/ 262-2525"
"http://www.okkam.org/oaie/restaurant2-Restaurant737","mario's bohemian cigar store cafe","415-776-8226"
"http://www.okkam.org/oaie/restaurant2-Restaurant738","marnee thai","415-665-9500"
"http://www.okkam.org/oaie/restaurant2-Restaurant632","one if by land  tibs","212-228-0822"
"http://www.okkam.org/oaie/restaurant2-Restaurant735","la mediterranee","415-431-7210"
"http://www.okkam.org/oaie/restaurant2-Restaurant633","oyster bar","212-490-6650"
"http://www.okkam.org/oaie/restaurant2-Restaurant736","la taqueria","415-285-7117"
"http://www.okkam.org/oaie/restaurant2-Restaurant733","kelly's on trinity","415-362-4454"
"http://www.okkam.org/oaie/restaurant2-Restaurant630","moustache","718-852-5555"
"http://www.okkam.org/oaie/restaurant2-Restaurant631","nobu","212-219-0500"
"http://www.okkam.org/oaie/restaurant2-Restaurant734","la cumbre","415-863-8205"
"http://www.okkam.org/oaie/restaurant2-Restaurant375","west","212/246-6363"
"http://www.okkam.org/oaie/restaurant2-Restaurant731","eric's chinese restaurant","415-282-0919"
"http://www.okkam.org/oaie/restaurant2-Restaurant636","patsy's pizza","718-858-4300"
"http://www.okkam.org/oaie/restaurant2-Restaurant732","hamburger mary's","415-626-1985"
"http://www.okkam.org/oaie/restaurant2-Restaurant376","xunta","212/614-0620"
"http://www.okkam.org/oaie/restaurant2-Restaurant637","peter luger steak house","718-387-7400"
"http://www.okkam.org/oaie/restaurant2-Restaurant373","vong","212/486-9592"
"http://www.okkam.org/oaie/restaurant2-Restaurant634","palm","212-687-2953"
"http://www.okkam.org/oaie/restaurant2-Restaurant374","water club","212/683-3333"
"http://www.okkam.org/oaie/restaurant2-Restaurant730","emerald garden restaurant","415-673-1155"
"http://www.okkam.org/oaie/restaurant2-Restaurant635","palm too","212-697-5198"
"http://www.okkam.org/oaie/restaurant2-Restaurant379","abbey","404/876-8532"
"http://www.okkam.org/oaie/restaurant2-Restaurant377","zen palate","212/614-9291"
"http://www.okkam.org/oaie/restaurant2-Restaurant638","rose of india","212-533-5011"
"http://www.okkam.org/oaie/restaurant2-Restaurant378","zoe","212/966-6722"
"http://www.okkam.org/oaie/restaurant2-Restaurant639","sam's noodle shop","212-213-2288"
"http://www.okkam.org/oaie/restaurant2-Restaurant383","atlanta fish market","404/262-3165"
"http://www.okkam.org/oaie/restaurant2-Restaurant382","anthonys","404/262-7379"
"http://www.okkam.org/oaie/restaurant2-Restaurant381","annie's thai castle","404/264-9546"
"http://www.okkam.org/oaie/restaurant2-Restaurant239","fifty seven fifty seven","212/758-5757"
"http://www.okkam.org/oaie/restaurant2-Restaurant380","aleck's barbecue heaven","404/525-2062"
"http://www.okkam.org/oaie/restaurant2-Restaurant238","ferrier","212/772-9000"
"http://www.okkam.org/oaie/restaurant2-Restaurant237","felix","212/431-0021"
"http://www.okkam.org/oaie/restaurant2-Restaurant236","f. ille ponte ristorante","212/226-4621"
"http://www.okkam.org/oaie/restaurant2-Restaurant235","evergreen cafe","212/744-3266"
"http://www.okkam.org/oaie/restaurant2-Restaurant234","ernie's","212/496-1588"
"http://www.okkam.org/oaie/restaurant2-Restaurant233","empire korea","212/725-1333"
"http://www.okkam.org/oaie/restaurant2-Restaurant232","emily's","212/996-1212"
"http://www.okkam.org/oaie/restaurant2-Restaurant231","el teddy's","212/941-7070"
"http://www.okkam.org/oaie/restaurant2-Restaurant230","duane park cafe","212/732-5555"
"http://www.okkam.org/oaie/restaurant2-Restaurant483","il fornaio levi's plaza","415/986-0100"
"http://www.okkam.org/oaie/restaurant2-Restaurant744","san francisco bbq","415-431-8956"
"http://www.okkam.org/oaie/restaurant2-Restaurant484","izzy's steak & chop house","415/563-0487"
"http://www.okkam.org/oaie/restaurant2-Restaurant745","slanted door","415-861-8032"
"http://www.okkam.org/oaie/restaurant2-Restaurant485","jack's","415/986-9854"
"http://www.okkam.org/oaie/restaurant2-Restaurant746","swan oyster depot","415-673-1101"
"http://www.okkam.org/oaie/restaurant2-Restaurant486","kabuto sushi","415/752-5652"
"http://www.okkam.org/oaie/restaurant2-Restaurant600","water grill","213-891-0900"
"http://www.okkam.org/oaie/restaurant2-Restaurant747","thep phanom","415-431-2526"
"http://www.okkam.org/oaie/restaurant2-Restaurant487","katia's","415/668-9292"
"http://www.okkam.org/oaie/restaurant2-Restaurant748","ti couz","415-252-7373"
"http://www.okkam.org/oaie/restaurant2-Restaurant488","kuleto's","415/397-7720"
"http://www.okkam.org/oaie/restaurant2-Restaurant749","trio cafe","415-563-2248"
"http://www.okkam.org/oaie/restaurant2-Restaurant489","kyo-ya. sheraton palace hotel","415/546-5000"
"http://www.okkam.org/oaie/restaurant2-Restaurant388","camille's","404/872-7203"
"http://www.okkam.org/oaie/restaurant2-Restaurant605","cafe con leche","212-595-7000"
"http://www.okkam.org/oaie/restaurant2-Restaurant389","cassis","404/365-8100"
"http://www.okkam.org/oaie/restaurant2-Restaurant606","corner bistro","212-242-9502"
"http://www.okkam.org/oaie/restaurant2-Restaurant607","cucina della fontana","212-242-0636"
"http://www.okkam.org/oaie/restaurant2-Restaurant608","cucina di pesce","212-260-6800"
"http://www.okkam.org/oaie/restaurant2-Restaurant740","mo's burgers","415-788-3779"
"http://www.okkam.org/oaie/restaurant2-Restaurant384","beesley's of buckhead","404/264-1334"
"http://www.okkam.org/oaie/restaurant2-Restaurant601","zankou chicken","818-244-1937"
"http://www.okkam.org/oaie/restaurant2-Restaurant741","phnom penh cambodian restaurant","415-775-5979"
"http://www.okkam.org/oaie/restaurant2-Restaurant385","bertolini's","404/233-2333"
"http://www.okkam.org/oaie/restaurant2-Restaurant602","afghan kebab house","212-307-1612"
"http://www.okkam.org/oaie/restaurant2-Restaurant386","bistango","404/724-0901"
"http://www.okkam.org/oaie/restaurant2-Restaurant742","roosevelt tamale parlor","415-550-9213"
"http://www.okkam.org/oaie/restaurant2-Restaurant603","arcadia","212-223-2900"
"http://www.okkam.org/oaie/restaurant2-Restaurant387","cafe renaissance","770/441--0291"
"http://www.okkam.org/oaie/restaurant2-Restaurant743","sally's cafe & bakery","415-626-6006"
"http://www.okkam.org/oaie/restaurant2-Restaurant604","benny's burritos","212-254-2054"
"http://www.okkam.org/oaie/restaurant2-Restaurant206","caffe dante","212/982-5275"
"http://www.okkam.org/oaie/restaurant2-Restaurant392","colonnade restaurant","404/874-5642"
"http://www.okkam.org/oaie/restaurant2-Restaurant205","cafe fes","212/924-7653"
"http://www.okkam.org/oaie/restaurant2-Restaurant391","coco loco","404/364-0212"
"http://www.okkam.org/oaie/restaurant2-Restaurant208","caffe lure","212/473-2642"
"http://www.okkam.org/oaie/restaurant2-Restaurant394","dante's down the hatch","404/577-1800"
"http://www.okkam.org/oaie/restaurant2-Restaurant207","caffe dell'artista","212/645-4431"
"http://www.okkam.org/oaie/restaurant2-Restaurant393","dante's down the hatch  buckhead","404/266-1600"
"http://www.okkam.org/oaie/restaurant2-Restaurant609","darbar","212-432-7227"
"http://www.okkam.org/oaie/restaurant2-Restaurant209","caffe reggio","212/475-9557"
"http://www.okkam.org/oaie/restaurant2-Restaurant390","city grill","404/524-2489"
"http://www.okkam.org/oaie/restaurant2-Restaurant200","cafe botanica","212/484-5120"
"http://www.okkam.org/oaie/restaurant2-Restaurant491","le central","415/391-2233"
"http://www.okkam.org/oaie/restaurant2-Restaurant202","cafe luxembourg","212/873-7411"
"http://www.okkam.org/oaie/restaurant2-Restaurant201","cafe la fortuna","212/724-5846"
"http://www.okkam.org/oaie/restaurant2-Restaurant490","l'osteria del forno","415/982-1124"
"http://www.okkam.org/oaie/restaurant2-Restaurant204","cafe centro","212/818-1222"
"http://www.okkam.org/oaie/restaurant2-Restaurant493","macarthur park","415/398-5700"
"http://www.okkam.org/oaie/restaurant2-Restaurant203","cafe pierre","212/940-8185"
"http://www.okkam.org/oaie/restaurant2-Restaurant492","le soleil","415/668-4848"
"http://www.okkam.org/oaie/restaurant2-Restaurant610","ej's luncheonette","212-473-5555"
"http://www.okkam.org/oaie/restaurant2-Restaurant496","mccormick & kuleto's","415/929-1730"
"http://www.okkam.org/oaie/restaurant2-Restaurant611","edison cafe","212-840-5000"
"http://www.okkam.org/oaie/restaurant2-Restaurant497","millennium","415/487-9800"
"http://www.okkam.org/oaie/restaurant2-Restaurant494","manora","415/861-6224"
"http://www.okkam.org/oaie/restaurant2-Restaurant495","maykadeh","415/362-8286"
"http://www.okkam.org/oaie/restaurant2-Restaurant498","moose's","415/989-7800"
"http://www.okkam.org/oaie/restaurant2-Restaurant499","north india","415/931-1556"
"http://www.okkam.org/oaie/restaurant2-Restaurant618","john's pizzeria","212-721-7001"
"http://www.okkam.org/oaie/restaurant2-Restaurant619","kelley & ping","212-228-1212"
"http://www.okkam.org/oaie/restaurant2-Restaurant750","tu lan","415-626-0927"
"http://www.okkam.org/oaie/restaurant2-Restaurant616","jackson diner","718-672-1232"
"http://www.okkam.org/oaie/restaurant2-Restaurant399","hsu's gourmet","404/659-2788"
"http://www.okkam.org/oaie/restaurant2-Restaurant617","joe's shanghai","718-539-3838"
"http://www.okkam.org/oaie/restaurant2-Restaurant614","gray's papaya","212-799-0243"
"http://www.okkam.org/oaie/restaurant2-Restaurant397","holt bros. bar-b-q","770/242-3984"
"http://www.okkam.org/oaie/restaurant2-Restaurant615","il mulino","212-673-3783"
"http://www.okkam.org/oaie/restaurant2-Restaurant398","horseradish grill","404/255-7277"
"http://www.okkam.org/oaie/restaurant2-Restaurant612","elias corner","718-932-1510"
"http://www.okkam.org/oaie/restaurant2-Restaurant751","vicolo pizzeria","415-863-2382"
"http://www.okkam.org/oaie/restaurant2-Restaurant395","fat matt's rib shack","404/607-1622"
"http://www.okkam.org/oaie/restaurant2-Restaurant613","good enough to eat","212-496-0163"
"http://www.okkam.org/oaie/restaurant2-Restaurant752","wa-ha-ka oaxaca mexican grill","415-775-1055"
"http://www.okkam.org/oaie/restaurant2-Restaurant396","french quarter food shop","404/875-2489"
"http://www.okkam.org/oaie/restaurant2-Restaurant219","china grill","212/333-7788"
"http://www.okkam.org/oaie/restaurant2-Restaurant218","chiam","212/371-2323"
"http://www.okkam.org/oaie/restaurant2-Restaurant217","chez jacqueline","212/505-0727"
"http://www.okkam.org/oaie/restaurant2-Restaurant216","cendrillon asian grill & marimba bar","212/343-9012"
"http://www.okkam.org/oaie/restaurant2-Restaurant211","caffe vivaldi","212/691-7538"
"http://www.okkam.org/oaie/restaurant2-Restaurant210","caffe roma","212/226-8413"
"http://www.okkam.org/oaie/restaurant2-Restaurant215","casa la femme","212/505-0005"
"http://www.okkam.org/oaie/restaurant2-Restaurant214","captain's table","212/697-9538"
"http://www.okkam.org/oaie/restaurant2-Restaurant213","capsouto freres","212/966-4900"
"http://www.okkam.org/oaie/restaurant2-Restaurant212","caffe bondi ristorante","212/691-8136"
"http://www.okkam.org/oaie/restaurant2-Restaurant708","original pancake house (at)","404-237-4116"
"http://www.okkam.org/oaie/restaurant2-Restaurant709","palm  the (atlanta)","404-814-1955"
"http://www.okkam.org/oaie/restaurant2-Restaurant32","dawat","212-355-7555"
"http://www.okkam.org/oaie/restaurant2-Restaurant33","felidia","212-758-1479"
"http://www.okkam.org/oaie/restaurant2-Restaurant30","chanterelle","212-966-6960"
"http://www.okkam.org/oaie/restaurant2-Restaurant31","daniel","212-288-0033"
"http://www.okkam.org/oaie/restaurant2-Restaurant703","majestic","404-875-0276"
"http://www.okkam.org/oaie/restaurant2-Restaurant37","island spice","212-765-1737"
"http://www.okkam.org/oaie/restaurant2-Restaurant36","gramercy tavern","212-477-0777"
"http://www.okkam.org/oaie/restaurant2-Restaurant702","lettuce souprise you (at)","770-418-9969"
"http://www.okkam.org/oaie/restaurant2-Restaurant35","gotham bar & grill","212-620-4020"
"http://www.okkam.org/oaie/restaurant2-Restaurant701","la fonda latina","404-303-8201"
"http://www.okkam.org/oaie/restaurant2-Restaurant34","four seasons","212-754-9494"
"http://www.okkam.org/oaie/restaurant2-Restaurant700","kalo's coffee house","404-325-3733"
"http://www.okkam.org/oaie/restaurant2-Restaurant707","nuevo laredo cantina","404-352-9009"
"http://www.okkam.org/oaie/restaurant2-Restaurant706","nava","404-240-1984"
"http://www.okkam.org/oaie/restaurant2-Restaurant705","my thai","404-636-4280"
"http://www.okkam.org/oaie/restaurant2-Restaurant39","la caravelle","212-586-4252"
"http://www.okkam.org/oaie/restaurant2-Restaurant38","jo jo","212-223-5656"
"http://www.okkam.org/oaie/restaurant2-Restaurant704","morton's of chicago (atlanta)","404-577-4366"
"http://www.okkam.org/oaie/restaurant2-Restaurant719","white house restaurant","404-237-7601"
"http://www.okkam.org/oaie/restaurant2-Restaurant20","spago (los angeles)","310-652-4025"
"http://www.okkam.org/oaie/restaurant2-Restaurant21","valentino","310-829-4313"
"http://www.okkam.org/oaie/restaurant2-Restaurant22","yujean kang's","818-585-0855"
"http://www.okkam.org/oaie/restaurant2-Restaurant710","rainbow restaurant","404-633-3538"
"http://www.okkam.org/oaie/restaurant2-Restaurant712","riviera","404-262-7112"
"http://www.okkam.org/oaie/restaurant2-Restaurant24","aquavit","212-307-7311"
"http://www.okkam.org/oaie/restaurant2-Restaurant711","ritz-carlton cafe (atlanta)","404-659-0400"
"http://www.okkam.org/oaie/restaurant2-Restaurant23","21 club","212-582-7200"
"http://www.okkam.org/oaie/restaurant2-Restaurant714","soto","404-233-2005"
"http://www.okkam.org/oaie/restaurant2-Restaurant26","cafe lalo","212-496-6031"
"http://www.okkam.org/oaie/restaurant2-Restaurant713","silver skillet  the","404-874-1388"
"http://www.okkam.org/oaie/restaurant2-Restaurant25","aureole","212-319-1660"
"http://www.okkam.org/oaie/restaurant2-Restaurant716","tortillas","404-892-0193"
"http://www.okkam.org/oaie/restaurant2-Restaurant28","carmine's","212-362-2200"
"http://www.okkam.org/oaie/restaurant2-Restaurant715","thelma's kitchen","404-688-5855"
"http://www.okkam.org/oaie/restaurant2-Restaurant27","cafe des artistes","212-877-3500"
"http://www.okkam.org/oaie/restaurant2-Restaurant718","veggieland","404-231-3111"
"http://www.okkam.org/oaie/restaurant2-Restaurant717","van gogh's restaurant & bar","770-993-1156"
"http://www.okkam.org/oaie/restaurant2-Restaurant29","carnegie deli","212-757-2245"
"http://www.okkam.org/oaie/restaurant2-Restaurant288","le jardin","212/343-9599"
"http://www.okkam.org/oaie/restaurant2-Restaurant287","le gamin","212/254-4678"
"http://www.okkam.org/oaie/restaurant2-Restaurant286","le colonial","212/ 752-0808"
"http://www.okkam.org/oaie/restaurant2-Restaurant285","le chantilly","212/751-2931"
"http://www.okkam.org/oaie/restaurant2-Restaurant289","le madri","212/727-8022"
"http://www.okkam.org/oaie/restaurant2-Restaurant290","le marais","212/869-0900"
"http://www.okkam.org/oaie/restaurant2-Restaurant291","le perigord","212/755-6244"
"http://www.okkam.org/oaie/restaurant2-Restaurant294","lincoln tavern","212/721-8271"
"http://www.okkam.org/oaie/restaurant2-Restaurant295","lola","212/675-6700"
"http://www.okkam.org/oaie/restaurant2-Restaurant292","le select","212/875-1993"
"http://www.okkam.org/oaie/restaurant2-Restaurant293","les halles","212/679-4111"
"http://www.okkam.org/oaie/restaurant2-Restaurant297","mad fish","212/787-0202"
"http://www.okkam.org/oaie/restaurant2-Restaurant296","lucky strike","212/941-0479"
"http://www.okkam.org/oaie/restaurant2-Restaurant299","mangia e bevi","212/956-3976"
"http://www.okkam.org/oaie/restaurant2-Restaurant298","main street","212/873-5025"
"http://www.okkam.org/oaie/restaurant2-Restaurant89","ritz-carlton cafe (buckhead)","404-237-2700"
"http://www.okkam.org/oaie/restaurant2-Restaurant83","heera of india","404-876-4408"
"http://www.okkam.org/oaie/restaurant2-Restaurant84","indigo coastal grill","404-876-0676"
"http://www.okkam.org/oaie/restaurant2-Restaurant81","georgia grille","404-352-3517"
"http://www.okkam.org/oaie/restaurant2-Restaurant82","hedgerose heights inn  the","404-233-7673"
"http://www.okkam.org/oaie/restaurant2-Restaurant87","nikolai's roof","404-221-6362"
"http://www.okkam.org/oaie/restaurant2-Restaurant88","pano's & paul's","404-261-3662"
"http://www.okkam.org/oaie/restaurant2-Restaurant85","la grotta","404-231-1368"
"http://www.okkam.org/oaie/restaurant2-Restaurant86","mary mac's tea room","404-876-1800"
"http://www.okkam.org/oaie/restaurant2-Restaurant80","delectables","404-681-2909"
"http://www.okkam.org/oaie/restaurant2-Restaurant92","toulouse","404-351-9533"
"http://www.okkam.org/oaie/restaurant2-Restaurant5","chinois on main","310-392-9025"
"http://www.okkam.org/oaie/restaurant2-Restaurant93","veni vidi vici","404-875-8424"
"http://www.okkam.org/oaie/restaurant2-Restaurant6","citrus","213-857-0034"
"http://www.okkam.org/oaie/restaurant2-Restaurant94","alain rondelli","415-387-0408"
"http://www.okkam.org/oaie/restaurant2-Restaurant3","cafe bizou","818-788-3536"
"http://www.okkam.org/oaie/restaurant2-Restaurant95","aqua","415-956-9662"
"http://www.okkam.org/oaie/restaurant2-Restaurant4","campanile","213-938-1447"
"http://www.okkam.org/oaie/restaurant2-Restaurant96","boulevard","415-543-6084"
"http://www.okkam.org/oaie/restaurant2-Restaurant97","cafe claude","415-392-3505"
"http://www.okkam.org/oaie/restaurant2-Restaurant2","bel-air hotel","310-472-1211"
"http://www.okkam.org/oaie/restaurant2-Restaurant98","campton place","415-955-5555"
"http://www.okkam.org/oaie/restaurant2-Restaurant99","chez michel","415-775-7036"
"http://www.okkam.org/oaie/restaurant2-Restaurant0","arnie morton's of chicago","310-246-1501"
"http://www.okkam.org/oaie/restaurant2-Restaurant9","grill  the","310-276-0615"
"http://www.okkam.org/oaie/restaurant2-Restaurant90","ritz-carlton dining room (buckhead)","404-237-2700"
"http://www.okkam.org/oaie/restaurant2-Restaurant7","fenix at the argyle","213-848-6677"
"http://www.okkam.org/oaie/restaurant2-Restaurant91","ritz-carlton restaurant","404-659-0400"
"http://www.okkam.org/oaie/restaurant2-Restaurant8","granita","310-456-0488"
"http://www.okkam.org/oaie/restaurant2-Restaurant47","mesa grill","212-807-7400"
"http://www.okkam.org/oaie/restaurant2-Restaurant48","mi cocina","212-627-8273"
"http://www.okkam.org/oaie/restaurant2-Restaurant45","manhattan ocean club","212-371-7777"
"http://www.okkam.org/oaie/restaurant2-Restaurant46","march","212-754-6272"
"http://www.okkam.org/oaie/restaurant2-Restaurant49","montrachet","212-219-2777"
"http://www.okkam.org/oaie/restaurant2-Restaurant40","la cote basque","212-688-6525"
"http://www.okkam.org/oaie/restaurant2-Restaurant44","lutece","212-752-2225"
"http://www.okkam.org/oaie/restaurant2-Restaurant43","lespinasse (new york city)","212-339-6719"
"http://www.okkam.org/oaie/restaurant2-Restaurant42","les celebrites","212-484-5113"
"http://www.okkam.org/oaie/restaurant2-Restaurant41","le bernardin","212-489-1515"
"http://www.okkam.org/oaie/restaurant2-Restaurant56","river cafe","718-522-5200"
"http://www.okkam.org/oaie/restaurant2-Restaurant57","san domenico","212-265-5959"
"http://www.okkam.org/oaie/restaurant2-Restaurant58","second avenue deli","212-677-0606"
"http://www.okkam.org/oaie/restaurant2-Restaurant59","seryna","212-980-9393"
"http://www.okkam.org/oaie/restaurant2-Restaurant51","park avenue cafe (new york city)","212-644-1900"
"http://www.okkam.org/oaie/restaurant2-Restaurant50","oceana","212-759-5941"
"http://www.okkam.org/oaie/restaurant2-Restaurant53","picholine","212-724-8585"
"http://www.okkam.org/oaie/restaurant2-Restaurant52","petrossian","212-245-2214"
"http://www.okkam.org/oaie/restaurant2-Restaurant55","rainbow room","212-632-5000"
"http://www.okkam.org/oaie/restaurant2-Restaurant54","pisces","212-260-6660"
"http://www.okkam.org/oaie/restaurant2-Restaurant69","le montrachet bistro","702-732-5651"
"http://www.okkam.org/oaie/restaurant2-Restaurant67","chin's","702-733-8899"
"http://www.okkam.org/oaie/restaurant2-Restaurant68","coyote cafe (las vegas)","702-891-7349"
"http://www.okkam.org/oaie/restaurant2-Restaurant66","virgil's real bbq","212-921-9494"
"http://www.okkam.org/oaie/restaurant2-Restaurant65","union square cafe","212-243-4020"
"http://www.okkam.org/oaie/restaurant2-Restaurant64","uncle nick's","212-245-7992"
"http://www.okkam.org/oaie/restaurant2-Restaurant63","tavern on the green","212-873-3200"
"http://www.okkam.org/oaie/restaurant2-Restaurant62","smith & wollensky","212-753-1530"
"http://www.okkam.org/oaie/restaurant2-Restaurant61","sign of the dove","212-861-8080"
"http://www.okkam.org/oaie/restaurant2-Restaurant60","shun lee palace","212-371-8844"
"http://www.okkam.org/oaie/restaurant2-Restaurant78","buckhead diner","404-262-3336"
"http://www.okkam.org/oaie/restaurant2-Restaurant79","ciboulette restaurant","404-874-7600"
"http://www.okkam.org/oaie/restaurant2-Restaurant75","bacchanalia","404-365-0410"
"http://www.okkam.org/oaie/restaurant2-Restaurant74","abruzzi","404-261-8186"
"http://www.okkam.org/oaie/restaurant2-Restaurant77","brasserie le coze","404-266-1440"
"http://www.okkam.org/oaie/restaurant2-Restaurant76","bone's restaurant","404-237-2663"
"http://www.okkam.org/oaie/restaurant2-Restaurant71","second street grill","702-385-6277"
"http://www.okkam.org/oaie/restaurant2-Restaurant70","palace court","702-731-7110"
"http://www.okkam.org/oaie/restaurant2-Restaurant73","tillerman  the","702-731-4036"
"http://www.okkam.org/oaie/restaurant2-Restaurant72","steak house  the","702-734-0410"
"http://www.okkam.org/oaie/restaurant2-Restaurant310","morton's","212/972-3315"
"http://www.okkam.org/oaie/restaurant2-Restaurant311","motown cafe","212/581-8030"
"http://www.okkam.org/oaie/restaurant2-Restaurant312","new york kom tang soot bul house","212/ 947-8482"
"http://www.okkam.org/oaie/restaurant2-Restaurant313","new york noodletown","212/349-0923"
"http://www.okkam.org/oaie/restaurant2-Restaurant314","newsbar","212/255-3996"
"http://www.okkam.org/oaie/restaurant2-Restaurant315","odeon","212/233-0507"
"http://www.okkam.org/oaie/restaurant2-Restaurant316","orso","212/489-7212"
"http://www.okkam.org/oaie/restaurant2-Restaurant317","osteria al droge","212/944-3643"
"http://www.okkam.org/oaie/restaurant2-Restaurant318","otabe","212/223-7575"
"http://www.okkam.org/oaie/restaurant2-Restaurant319","pacifica","212/941-4168"
"http://www.okkam.org/oaie/restaurant2-Restaurant514","stars","415/861-7827"
"http://www.okkam.org/oaie/restaurant2-Restaurant513","splendido embarcadero","415/986-3222"
"http://www.okkam.org/oaie/restaurant2-Restaurant516","stoyanof's cafe","415/664-3664"
"http://www.okkam.org/oaie/restaurant2-Restaurant515","stars cafe","415/861-4344"
"http://www.okkam.org/oaie/restaurant2-Restaurant518","suppenkuche","415/252-9289"
"http://www.okkam.org/oaie/restaurant2-Restaurant517","straits cafe","415/668-1783"
"http://www.okkam.org/oaie/restaurant2-Restaurant519","tadich grill","415/391-2373"
"http://www.okkam.org/oaie/restaurant2-Restaurant510","sanppo","415/346-3486"
"http://www.okkam.org/oaie/restaurant2-Restaurant512","south park cafe","415/495-7275"
"http://www.okkam.org/oaie/restaurant2-Restaurant511","scala's bistro","415/395-8555"
"http://www.okkam.org/oaie/restaurant2-Restaurant302","marichu","212/370-1866"
"http://www.okkam.org/oaie/restaurant2-Restaurant303","marquet patisserie","212/229-9313"
"http://www.okkam.org/oaie/restaurant2-Restaurant300","manhattan cafe","212/888-6556"
"http://www.okkam.org/oaie/restaurant2-Restaurant301","manila garden","212/777-6314"
"http://www.okkam.org/oaie/restaurant2-Restaurant306","mavalli palace","212/679-5535"
"http://www.okkam.org/oaie/restaurant2-Restaurant307","milan cafe and coffee bar","212/807-1801"
"http://www.okkam.org/oaie/restaurant2-Restaurant304","match","212/906-9173"
"http://www.okkam.org/oaie/restaurant2-Restaurant305","matthew's","212/838-4343"
"http://www.okkam.org/oaie/restaurant2-Restaurant308","monkey bar","212/838-2600"
"http://www.okkam.org/oaie/restaurant2-Restaurant309","montien","212/421-4433"
"http://www.okkam.org/oaie/restaurant2-Restaurant505","pastis","415/391-2555"
"http://www.okkam.org/oaie/restaurant2-Restaurant504","pane e vino","415/346-2111"
"http://www.okkam.org/oaie/restaurant2-Restaurant503","palio d'asti","415/395-9800"
"http://www.okkam.org/oaie/restaurant2-Restaurant502","pacific pan pacific hotel","415/929-2087"
"http://www.okkam.org/oaie/restaurant2-Restaurant509","rumpus","415/421-2300"
"http://www.okkam.org/oaie/restaurant2-Restaurant508","rubicon","415/434-4100"
"http://www.okkam.org/oaie/restaurant2-Restaurant507","r&g lounge","415/982-7877"
"http://www.okkam.org/oaie/restaurant2-Restaurant506","perry's","415/922-9022"
"http://www.okkam.org/oaie/restaurant2-Restaurant501","oritalia","415/346-1333"
"http://www.okkam.org/oaie/restaurant2-Restaurant500","one market","415/777-5577"
"http://www.okkam.org/oaie/restaurant2-Restaurant418","south of france","404/325-6963"
"http://www.okkam.org/oaie/restaurant2-Restaurant597","taiko","310-207-7782"
"http://www.okkam.org/oaie/restaurant2-Restaurant419","stringer's fish camp and oyster bar","770/458-7145"
"http://www.okkam.org/oaie/restaurant2-Restaurant598","tommy's","213-389-9060"
"http://www.okkam.org/oaie/restaurant2-Restaurant550","don antonio's","310-209-1422"
"http://www.okkam.org/oaie/restaurant2-Restaurant599","uncle bill's pancake house","310-545-5177"
"http://www.okkam.org/oaie/restaurant2-Restaurant551","duke's","310-652-3100"
"http://www.okkam.org/oaie/restaurant2-Restaurant552","falafel king","310-208-4444"
"http://www.okkam.org/oaie/restaurant2-Restaurant414","rib ranch","404/233-7644"
"http://www.okkam.org/oaie/restaurant2-Restaurant593","ruth's chris steak house (los angeles)","310-859-8744"
"http://www.okkam.org/oaie/restaurant2-Restaurant553","feast from the east","310-475-0400"
"http://www.okkam.org/oaie/restaurant2-Restaurant415","sa tsu ki","404/325-5285"
"http://www.okkam.org/oaie/restaurant2-Restaurant594","shiro","818-799-4774"
"http://www.okkam.org/oaie/restaurant2-Restaurant554","gumbo pot  the","213-933-0358"
"http://www.okkam.org/oaie/restaurant2-Restaurant416","sato sushi and thai","770/449-0033"
"http://www.okkam.org/oaie/restaurant2-Restaurant595","sushi nozawa","818-508-7017"
"http://www.okkam.org/oaie/restaurant2-Restaurant555","hollywood hills coffee shop","213-467-7678"
"http://www.okkam.org/oaie/restaurant2-Restaurant417","south city kitchen","404/873-7358"
"http://www.okkam.org/oaie/restaurant2-Restaurant596","sweet lady jane","213-653-7145"
"http://www.okkam.org/oaie/restaurant2-Restaurant556","indo cafe","310-815-1290"
"http://www.okkam.org/oaie/restaurant2-Restaurant410","palisades","404/350-6755"
"http://www.okkam.org/oaie/restaurant2-Restaurant557","jan's family restaurant","213-651-2866"
"http://www.okkam.org/oaie/restaurant2-Restaurant692","frijoleros","404-892-8226"
"http://www.okkam.org/oaie/restaurant2-Restaurant411","pleasant peasant","404/874-3223"
"http://www.okkam.org/oaie/restaurant2-Restaurant558","jiraffe","310-917-6671"
"http://www.okkam.org/oaie/restaurant2-Restaurant693","greenwood's","770-992-5383"
"http://www.okkam.org/oaie/restaurant2-Restaurant412","pricci","404/237-2941"
"http://www.okkam.org/oaie/restaurant2-Restaurant559","jody maroni's sausage kingdom","310-306-1995"
"http://www.okkam.org/oaie/restaurant2-Restaurant694","harold's barbecue","404-627-9268"
"http://www.okkam.org/oaie/restaurant2-Restaurant413","r.j.'s uptown kitchen & wine bar","404/875-7775"
"http://www.okkam.org/oaie/restaurant2-Restaurant695","havana sandwich shop","404-636-4094"
"http://www.okkam.org/oaie/restaurant2-Restaurant696","house of chan","770-955-9444"
"http://www.okkam.org/oaie/restaurant2-Restaurant697","indian delights","100-813-8212"
"http://www.okkam.org/oaie/restaurant2-Restaurant698","java jive","404-876-6161"
"http://www.okkam.org/oaie/restaurant2-Restaurant699","johnny rockets (at)","770-955-6068"
"http://www.okkam.org/oaie/restaurant2-Restaurant691","flying biscuit  the","404-687-8888"
"http://www.okkam.org/oaie/restaurant2-Restaurant690","eats","404-888-9149"
"http://www.okkam.org/oaie/restaurant2-Restaurant592","russell's burgers","310-596-9556"
"http://www.okkam.org/oaie/restaurant2-Restaurant591","ruby's (la)","818-796-7829"
"http://www.okkam.org/oaie/restaurant2-Restaurant590","rubin's red hots","818-905-6515"
"http://www.okkam.org/oaie/restaurant2-Restaurant409","nickiemoto's: a sushi bar","404/842-0334"
"http://www.okkam.org/oaie/restaurant2-Restaurant588","r-23","213-687-7178"
"http://www.okkam.org/oaie/restaurant2-Restaurant540","bistro 45","818-795-2478"
"http://www.okkam.org/oaie/restaurant2-Restaurant589","rae's","310-828-7937"
"http://www.okkam.org/oaie/restaurant2-Restaurant541","brent's deli","818-886-5679"
"http://www.okkam.org/oaie/restaurant2-Restaurant407","mckinnon's louisiane","404/237-1313"
"http://www.okkam.org/oaie/restaurant2-Restaurant586","pink's famous chili dogs","213-931-4223"
"http://www.okkam.org/oaie/restaurant2-Restaurant689","deacon burton's soulfood restaurant","404-523-1929"
"http://www.okkam.org/oaie/restaurant2-Restaurant408","mi spia dunwoody rd.","770/393-1333"
"http://www.okkam.org/oaie/restaurant2-Restaurant587","poquito mas","818-563-2252"
"http://www.okkam.org/oaie/restaurant2-Restaurant405","luna si","404/355-5993"
"http://www.okkam.org/oaie/restaurant2-Restaurant584","parkway grill","818-795-1001"
"http://www.okkam.org/oaie/restaurant2-Restaurant544","bruno's","310-397-5703"
"http://www.okkam.org/oaie/restaurant2-Restaurant585","pho hoa","213-626-5530"
"http://www.okkam.org/oaie/restaurant2-Restaurant406","mambo restaurante cubano","404/874-2626"
"http://www.okkam.org/oaie/restaurant2-Restaurant545","cafe '50s","310-399-1955"
"http://www.okkam.org/oaie/restaurant2-Restaurant403","little szechuan","770/451-0192"
"http://www.okkam.org/oaie/restaurant2-Restaurant542","brighton coffee shop","310-276-7732"
"http://www.okkam.org/oaie/restaurant2-Restaurant582","ocean star","818-308-2128"
"http://www.okkam.org/oaie/restaurant2-Restaurant404","lowcountry barbecue","404/255-5160"
"http://www.okkam.org/oaie/restaurant2-Restaurant583","original pantry bakery","213-627-6879"
"http://www.okkam.org/oaie/restaurant2-Restaurant543","bristol farms market cafe","310-643-5229"
"http://www.okkam.org/oaie/restaurant2-Restaurant548","chez melange","310-540-1222"
"http://www.okkam.org/oaie/restaurant2-Restaurant401","kamogawa","404/841-0314"
"http://www.okkam.org/oaie/restaurant2-Restaurant683","cafe sunflower","404-256-1675"
"http://www.okkam.org/oaie/restaurant2-Restaurant549","diaghilev","310-854-1111"
"http://www.okkam.org/oaie/restaurant2-Restaurant402","la grotta at ravinia dunwoody rd.","770/395-9925"
"http://www.okkam.org/oaie/restaurant2-Restaurant684","canoe","770-432-2663"
"http://www.okkam.org/oaie/restaurant2-Restaurant546","cafe blanc","310-888-0108"
"http://www.okkam.org/oaie/restaurant2-Restaurant681","bradshaw's restaurant","404-261-7015"
"http://www.okkam.org/oaie/restaurant2-Restaurant547","cassell's","213-480-8668"
"http://www.okkam.org/oaie/restaurant2-Restaurant400","imperial fez","404/351-0870"
"http://www.okkam.org/oaie/restaurant2-Restaurant682","brookhaven cafe","404-231-5907"
"http://www.okkam.org/oaie/restaurant2-Restaurant687","chops","404-262-2675"
"http://www.okkam.org/oaie/restaurant2-Restaurant688","chopstix","404-255-4868"
"http://www.okkam.org/oaie/restaurant2-Restaurant685","carey's","770-422-8042"
"http://www.okkam.org/oaie/restaurant2-Restaurant686","carey's corner","770-933-0909"
"http://www.okkam.org/oaie/restaurant2-Restaurant581","ocean park cafe","310-452-5728"
"http://www.okkam.org/oaie/restaurant2-Restaurant580","mulberry st.","818-906-8881"
"http://www.okkam.org/oaie/restaurant2-Restaurant436","center stage plaza hotel","702/386-2512"
"http://www.okkam.org/oaie/restaurant2-Restaurant531","zarzuela","415/346-0800"
"http://www.okkam.org/oaie/restaurant2-Restaurant571","langer's","213-483-8050"
"http://www.okkam.org/oaie/restaurant2-Restaurant437","circus circus","702/734-0410"
"http://www.okkam.org/oaie/restaurant2-Restaurant572","local nochol","818-706-7706"
"http://www.okkam.org/oaie/restaurant2-Restaurant532","zuni cafe & grill","415/552-2522"
"http://www.okkam.org/oaie/restaurant2-Restaurant438","empress court","702/731-7888"
"http://www.okkam.org/oaie/restaurant2-Restaurant573","main course  the","310-475-7564"
"http://www.okkam.org/oaie/restaurant2-Restaurant439","feast","702/367-2411"
"http://www.okkam.org/oaie/restaurant2-Restaurant534","apple pan  the","310-475-3585"
"http://www.okkam.org/oaie/restaurant2-Restaurant574","mani's bakery & espresso bar","213-938-8800"
"http://www.okkam.org/oaie/restaurant2-Restaurant575","martha's","310-376-7786"
"http://www.okkam.org/oaie/restaurant2-Restaurant576","maxwell's cafe","310-306-7829"
"http://www.okkam.org/oaie/restaurant2-Restaurant577","michael's (los angeles)","310-451-0843"
"http://www.okkam.org/oaie/restaurant2-Restaurant530","yoyo tsumami bistro","415/922-7788"
"http://www.okkam.org/oaie/restaurant2-Restaurant578","mishima","213-782-0181"
"http://www.okkam.org/oaie/restaurant2-Restaurant539","bernard's","213-612-1580"
"http://www.okkam.org/oaie/restaurant2-Restaurant579","mo better meatty meat","213-935-5280"
"http://www.okkam.org/oaie/restaurant2-Restaurant430","broiler","702/432-7777"
"http://www.okkam.org/oaie/restaurant2-Restaurant431","bugsy's diner","702/733-3111"
"http://www.okkam.org/oaie/restaurant2-Restaurant432","cafe michelle","702/735-8686"
"http://www.okkam.org/oaie/restaurant2-Restaurant535","asahi ramen","310-479-2231"
"http://www.okkam.org/oaie/restaurant2-Restaurant433","cafe roma","702/731-7547"
"http://www.okkam.org/oaie/restaurant2-Restaurant536","baja fresh","805-498-4049"
"http://www.okkam.org/oaie/restaurant2-Restaurant434","capozzoli's","702/731-5311"
"http://www.okkam.org/oaie/restaurant2-Restaurant537","belvedere  the","310-788-2306"
"http://www.okkam.org/oaie/restaurant2-Restaurant435","carnival world","702/252-7777"
"http://www.okkam.org/oaie/restaurant2-Restaurant538","benita's frites","310-458-2889"
"http://www.okkam.org/oaie/restaurant2-Restaurant570","la serenata de garibaldi","213-265-2887"
"http://www.okkam.org/oaie/restaurant2-Restaurant562","johnnie's pastrami","310-397-6654"
"http://www.okkam.org/oaie/restaurant2-Restaurant522","ton kiang","415/752-4440"
"http://www.okkam.org/oaie/restaurant2-Restaurant427","bertolini's","702/735-4663"
"http://www.okkam.org/oaie/restaurant2-Restaurant563","johnny reb's southern smokehouse","310-423-7327"
"http://www.okkam.org/oaie/restaurant2-Restaurant523","vertigo","415/433-7250"
"http://www.okkam.org/oaie/restaurant2-Restaurant428","binion's coffee shop","702/382-1600"
"http://www.okkam.org/oaie/restaurant2-Restaurant520","the heights","415/474-8890"
"http://www.okkam.org/oaie/restaurant2-Restaurant560","joe's","310-399-5811"
"http://www.okkam.org/oaie/restaurant2-Restaurant425","bamboo garden","702/871-3262"
"http://www.okkam.org/oaie/restaurant2-Restaurant521","thepin","415/863-9335"
"http://www.okkam.org/oaie/restaurant2-Restaurant561","john o'groats","310-204-0692"
"http://www.okkam.org/oaie/restaurant2-Restaurant426","battista's hole in the wall","702/732-1424"
"http://www.okkam.org/oaie/restaurant2-Restaurant566","kokomo cafe","213-933-0773"
"http://www.okkam.org/oaie/restaurant2-Restaurant567","koo koo roo","213-655-9045"
"http://www.okkam.org/oaie/restaurant2-Restaurant564","johnny rockets (la)","213-651-3361"
"http://www.okkam.org/oaie/restaurant2-Restaurant429","bistro","702/791-7111"
"http://www.okkam.org/oaie/restaurant2-Restaurant565","killer shrimp","818-508-1570"
"http://www.okkam.org/oaie/restaurant2-Restaurant420","sundown cafe","404/321-1118"
"http://www.okkam.org/oaie/restaurant2-Restaurant568","la cachette","310-470-4992"
"http://www.okkam.org/oaie/restaurant2-Restaurant528","yank sing","415/541-4949"
"http://www.okkam.org/oaie/restaurant2-Restaurant569","la salsa (la)","310-456-6299"
"http://www.okkam.org/oaie/restaurant2-Restaurant529","yaya cuisine","415/566-6966"
"http://www.okkam.org/oaie/restaurant2-Restaurant526","world wrapps","415/563-9727"
"http://www.okkam.org/oaie/restaurant2-Restaurant423","antonio's","702/252-7737"
"http://www.okkam.org/oaie/restaurant2-Restaurant527","wu kong","415/957-9300"
"http://www.okkam.org/oaie/restaurant2-Restaurant424","bally's big kitchen","702/739-4111"
"http://www.okkam.org/oaie/restaurant2-Restaurant524","vivande porta via","415/346-4430"
"http://www.okkam.org/oaie/restaurant2-Restaurant421","taste of new orleans","404/874-5535"
"http://www.okkam.org/oaie/restaurant2-Restaurant525","vivande ristorante","415/673-9245"
"http://www.okkam.org/oaie/restaurant2-Restaurant422","tomtom","404/264-1163"
