"id","name","description","price"
"21989","Frigidaire Electric White Dryer - FEQ332WH","Frigidaire FEQ332 Electric Dryer - FEQ332WH/ 5.7 Cu.Ft. Super Capacity Drum/ Auto Dry Cycles/ Temperature Options/ Interior Drum Light/ Quick-Clean Lint Screen/ White Finish",""
"16765","Frigidaire 27' Electric Stack Washer Dryer Combo - FEX831WH","Frigidaire 27' Electric Stack Washer Dryer Combo - FEX831WH/ Extra-Large Capacity Wash Tub/ 3 Wash / Rinse Temperatures/ 8 Cycles/ Heavy-Duty Single Speed 3/4 HP Motor/ 5.7 Cubic Foot Super Capacity Dryer Drum/ Balanced Dry System/ 1 Auto Dry Cycle/ Quick Clean Lint Screen/ White Finish",""
"35905","BlueAnt Supertooth Light Bluetooth Handsfree In Black - SUPERTOOTH","BlueAnt Supertooth Light Bluetooth Handsfree In Black - SUPERTOOTH/ Sun-Visor Speakerphone Technology/ Pairs With Up To 5 Bluetooth Devices/ Supports Voice Dial Activation Redial And Call Reject/ Retractable Sliding Microphone/ Up To 15 Hours Talk-Time Or 800 Hours/ 33 Days Standby/ Black Finish",""
"34379","Sony Black Bravia Home Theater System - DAVHDX279W","Sony Black Bravia Home Theater System - DAVHDX279W/ iPod Cradle/ Digital MEDIA Port And S-AIR Surround Wireless Included/ BRAVIA Sync/ 1080p Upscaling Via HDMI/ 5-Disc DVD/CD Player/ Digital Cinema Auto Calibration/ Black Finish",""
"36507","Onkyo THX Ultra 2 Plus Certified 7.1 Channel Home Theater Black Receiver - TXSR806B","Onkyo TXSR806 THX Ultra 2 Plus Certified 7.1 Channel Home Theater Black Receiver - TXSR806B/ 130 Watts Per Channel/ All Discrete Circuitry/ Dolby Digital Plus Dolby TrueHD And DTS-HD Decoding/ HDMI Version v1.3a Repeater/ DSD Processing/ Independent Crossover/ Audyssey Dynamic EQ/ Accurate Speaker Distance Setting/ HDMI Deep Color Capable (36bit)/ Analog To HDMI 1080p Upconversion/ Faroudja DCDi Cinema/ Music Optimizer/ Black Finish",""
"23837","Sony Learning Remote Control - Silver Finish - RMVL600","Sony Learning Remote Control - RMVL600/ One-Touch System Control (12 Macro Functions)/ Controls Up To 8 Components Seamlessly/ Pre-Programmed Codes Are Compatible With Most Brands",""
"36020","Canon Deluxe Soft Black Camera Case - 0716B001","Canon Deluxe Soft Black Camera Case - 0716B001/ Compatible with Canon PowerShot S2 IS/ Black Finish",""
"20459","Canon Magenta Photo Ink Cartridge - Magenta - CLI8PM","Canon Magenta Photo Ink Cartridge - CLI8PM/ Compatible With The Pixma iP6600D Printer","16"
"38813","Speck ToughSkin Black Case For 4th Generation iPod Nano - NN4TSBLK","Speck ToughSkin Black Case For 4th Generation iPod Nano - NN4TSBLK/ Tough Custom-Fit Protective Case/ Durable Shock-Absorbing Material/ Detachable Rotating Belt Clip/ Openings To All Connections And Controls/ Black Finish","29"
"34878","TomTom ONE 130S Car GPS Navigation System - 1EE005202","TomTom ONE 130S Car GPS Navigation System - 1EE005202/ 3.5' LCD Anti-Glare Touch Screen/ Pre-Installed Maps/ Internal Lithium-Ion Battery/ Car Speed Linked Volume/ Automatic Day/Night Mode/ QuickGPSfix/ Text-To-Speech Included","246.95"
"34150","Sony Soft Camera Carrying Case - LCSMX100","Sony Soft Camera Carrying Case - LCSMX100/ Stain Resistant Nylon/ Colored Interior/ Movable Partition/ Build-In Modular Interface/ Black Finish",""
"35216","Samsung Black Blu-ray Player - BDP1500","Samsung Black Blu-ray Player - BDP1500/ 1080p With 24Hz Video Output/ x.v.Color Connectivity (HDMI v1.3 Option)/ Selectable DVD Upconversion (720p/1080i/1080p)/ Anynet+ (HDMI-CEC)/ Dolby Digital Dolby Digital Plus Dolby TrueHD And DTS-HD Master Audio/ Ethernet Port/ Black Finish",""
"27739","Electrolux Oxygen 3 Canister HEPA H12 Filter - EL012A","Electrolux Oxygen 3 Canister HEPA H12 Filter - EL012A/ Retains 99.5% Of Dust And Other Irritants/ 1 Filter Per Package","19.99"
"36118","Griffin iPod DirectDeck Universal Cassette Adapter - 7256DDECK","Griffin iPod DirectDeck Universal Cassette Adapter - 7256DDECK/ Plug The Audio Jack Into The Headphone Port Of Your iPod Mp3 Player CD Player Or Other Portable Audio Device And Insert The Cassette Adapter Into Your Cassette Player/ Black Finish",""
"38826","Cuisinart Exact Heat Matte Black Toaster Oven Broiler - TOB155","Cuisinart Exact Heat Matte Black Toaster Oven Broiler - TOB155/ 0.6 Cu. Ft. Capacity/ Multifunctional Countertop Oven/ Easy-Clean Interior/ Touchpad Controls/ Bagel Reheat And Defrost Buttons/ Clock And Oven Timer/ Stainless Steel Front Panels With Brushed Chrome Handle/ Matte Black Finish","139"
"13996","Escort Cordless Solo Radar Detector - S2E","Escort Cordless Solo Radar Detector - S2E/ S2/ 10 Programmable Features/ High-Efficiency Power Management/ Ultra-Performance Laser Protection/ AutoSensitivity Mode/ High Resolution Graphic LCD Display/ Built-In Earphone Jack","343.95"
"34130","Samsung 5 Disc Black Home Theater System - HTZ410T","Samsung 5 Disc Black Home Theater System - HTZ410T/ 1000 Watts Total Power/ USB Host Play/ Dolby Digital Dolby Pro Logic II And DTS Decoders/ 1080p Upconversion/ DivX Playback/ HDMI-CEC/ Black Finish",""
"36367","Canon EOS Rebel XS Black Digital SLR Camera - XSREB1855B","Canon EOS Rebel XS Black Digital SLR Camera - XSREB1855B/ 10.1 Megapixel CMOS Sensor/ DIGIC III Image Processor/ Auto Lighting Optimizer/ 7-Point AF With Center Cross-Type Sensors/ 3.0 Fps Continuous Shooting/ 2.5' TFT LCD Monitor/ EOS Integrated Cleaning System/ Dust Delete Data Detection/ Black Finish",""
"32059","Unreal Tournament III Video Game For The Sony PS3 - UNREALPS3","Unreal Tournament III Video Game For The Sony PS3 - UNREALPS3/ Vast Arsenal Of Weapons/ New Single Player Campaign/ New And Favorite Characters/ Enhanced Popular Game Types/ Online Innovations/ Rated M For Mature",""
"17479","Weber Performer 22-1/2' Charcoal Grill - 841001","Weber Performer 22-1/2' Charcoal Grill - 841001/ Push-Button Igniter/ Porcelain-Enameled Bowl And Lid/ Dual-Purpose Themometer/ Crackproof All-Weather Wheels/ Black Lid Finish/ Assembly Required","329"
"33638","Toshiba Black Portable DVD Player - SDP71S","Toshiba Black Portable DVD Player - SDP71S/ 7' Widescreen TFT LCD Display/ Up To 3 Hour Lithium Battery Life/ JPEG Viewer/ Switchable Audio/Video Input And Output/ Black Finish",""
"33921","Panasonic Black DVD Home Theater Sound System - SCPT660","Panasonic Black DVD Home Theater Sound System - SCPT660/ Kelton Subwoofer/ Bamboo Diaphragm Center Speakers/ 1080p Up-Conversion/ Integrated Universal Dock And On-Screen Display For iPod/ iPod Video Playback/ Whisper-Mode Surround/ Built-In Dolby Digital And DTS Decoder/ High Speed 5-DVD/CD Changer/ Black Finish","289"
"32279","LG DLEX7177WM White XL Capacity Electric SteamDryer - DLEX7177WH","LG DLEX7177WM White XL Capacity Electric SteamDryer - DLEX7177WH/ 7.3 Cu. Ft. Capacity/ Intelligent Electronic Controls With Dual LED Display And Dial-A-Cycle/ Dual Humidity Sensors/ Precise Temperature Control With A Variable Heater/ 4 Way Venting/ Drum Light/ White Finish",""
"34968","Sony Splash Resistant Shower Radio - ICFS79W","Sony Multi Band Digital Tuner Shower Radio - ICFS79W/ Splash Resistant/ AM/FM/Weather Band Reception/ Easy One Button Weather Band Select/ Built-In Digital Clock/ Selectable Automatic-Off Timer/ Quartz Synthesized Tuner/ Built-In Antennas","49"
"27840","LG 14' Washer And Dryer Red Pedestal With Drawer - WDP3R","LG 14' Washer And Dryer Red Pedestal With Drawer - WDP3R/ Each Drawer Has Storage For Laundry Bottles Boxes And More/ Provides Easy Access To Front Loading Doors By Raising The Washer And Dryer By 14'/ Minimizes Bending And Stooping At Doors/ Red Finish",""
"25550","Sanus 15' To 40' Flat Panel Black TV Wall Mount - ML22B1","Sanus 15' To 40' Flat Panel Black TV Wall Mount - ML22B1/ Solid Heavy-Gauge Steel Construction/ Durable Powder-Coated Finish/ Fits Most Medium Flat Panel LCD TVs Up To 100 Lbs/ Black Finish",""
"38474","Linksys Gigabit 5-Port Workgroup Switch - EG005W","Linksys Gigabit 5-Port Workgroup Switch - EG005W/ Five 10/100/1000Mbps Half/Full Duplex Switched Ports/ Forwards And Filters Packets At Non-Blocking Full Wire Speed/ All Ports Have Auto Speed Negotiation And Auto MDI/MDI-X Crossover Detection/ Supports Address Learning And Aging 802.3x Flow Control And Head-Of-Line Blocking Prevention","64"
"32187","Motorola Portable Bluetooth Car Kit Speaker Phone - T305","Motorola Portable Bluetooth Car Kit Speaker Phone - T305/ 2.0 Bluetooth Wireless Technology/ Noise Cancellation Technology/ Loud Sound High Speaker Output/ Convenient Multi-Function Button/ Up To 14 Hours Of Talk Time And 14 Days Of Standby Time/ Mini-USB Connector/ Black Finish","69"
"26929","Monster PS3 CV/FO-10 Playstation 3 GameLink Component Video And Fiber Optic Digital Audio AV Kit - PS3CVFO10","Monster PS3 CV/FO-10 Playstation 3 GameLink Component Video And Fiber Optic Digital Audio AV Kit - PS3CVFO10/ 24K Gold Contact Turbine Connectors/ Extra Low-Loss Optical Fiber/ Nitrogen Gas-Injected Dielectric Insulator",""
"38108","Olympus Black 10 Megapixels Digital Camera - SP565UZ","Olympus Black 10 Megapixels Digital Camera - SP565UZ/ Dual Image Stabilization/ 10 Megapixels/ 20X Wide-Angle Zoom Lens/ Pre-Capture/ Face Detection/ 33 Shooting Modes/ 48MB Internal Memory/ Black Finish",""
"37722","Apple iPod Nano Gray Armband - MB769GA","Apple iPod Nano Gray Armband - MB769GA/ Compatible With 4th Generation iPod Nano/ Has Space For The Nike + iPod Sport Kit Receiver/ Gray Finish","29"
"7783","Panasonic 2-Line Integrated Telephone - KXTSC14W","Panasonic 2-Line Integrated Telephone - KXTSC14W/ Call Waiting/ 50-Station Caller ID/ Voice Mail Message-Waiting Indicator/ Speakerphone/ 3-Line LCD Display/ White Finish",""
"36515","Panasonic Black Lumix 10.1 Megapixel Digital Camera - DMCFZ28K","Panasonic Black Lumix 10.1 Megapixel Digital Camera - DMCFZ28K/ 10.1 Megapixel/ 27- 486mm f/2.8-4.4 LEICA DC Lens/ 2.7' TFT LCD Display (230K Dots)/ 18x Optical Zoom/ Intelligent Auto Mode/ Burst Mode/ Auto Angle Detection/ 50MB Built-In Memory/ Black Finish",""
"37499","Nintendo DS Lite Metallic Rose Portable Gaming System - NDSUSGSZPB","Nintendo DS Lite Metallic Rose Portable Gaming System - NDSUSGSZPB/ Dual 3' TFT Color LCD Touchscreens/ Slimmer Design/ Dual Slot Compatibility (DS Lite/Game Boy Advance Game Paks)/ Twin Ultra Bright LCD Screens/ Up To 19 Hours Continuous Gameplay/ Nintendo Wi-Fi Connection/ Impressive 3D Graphics/ Dual Stereo Speakers/ Metallic Rose Finish","139"
"38329","Panasonic Black Hi-Definition Camcorder Starter Kit - VBGVBB1STRKIT","Panasonic Black Hi-Definition Camcorder Starter Kit - VBGVBB1STRKIT/ Case Has Internal Compartments And A Shoulder Strap/ 1320mAH Rechargeable Lithium-Ion Battery/ Black Finish",""
"36299","Griffin Black iPhone 3G Wave Case - 8227IP2WVB","Griffin Black iPhone 3G Wave Case - 8227IP2WVB/ Elegtant Wave-Shaped Closures/ Durable Polycarbonate Protection/ Rigid Touchscreen Protector/ Full Access To All Ports And Controls/ Black Finish","24"
"25364","Olympus Digital Camera Neoprene Soft Case - Black With Grey Finish - 202066","Olympus Digital Camera Neoprene Soft Case - 202066/ Compatible With FE Or Stylus Series Cameras",""
"35309","LG 32' Black LCD Flat Panel HDTV With Built In DVD Player - 32LG40","LG 32' Black LCD Flat Panel HDTV With Built In DVD Player - 32LG40/ 720p HD Resolution/ 12000:1 Dynamic Contrast Ratio/ Side-Loading Progressive Scan DVD Player/ Super Multi-Format/ x3 HDMI 1.3/ AV Mode/ Clear Voice/ Invisible Speaker System/ Expert Mode/ PC Input/ Black Finish",""
"25857","Garmin Nuvi 360 010-10723-06 Black 12 Volt Adapter Cable - 0101072306","Garmin Nuvi 360 010-10723-06 Black 12 Volt Adapter Cable - 0101072306/ Compatible With The Nuvi 350 And 360/ It Is A Replacement/ Black Finish","47"
"36124","Denon Black AVR-1609 Home Theater Surround Sound Receiver - AVR1609","Denon Black AVR-1609 Home Theater Surround Sound Receiver - AVR1609/ 75 Watts Per Channel/ 7 Channels/ HDMI V1.3A Video Switching/ Dolby Digital Surround EX Dolby Pro Logic IIx DTS ES 6.1 DTS Neo:6 Decoding/ Audyssey MultEQ Dynamic Volume And Dynamic EQ/ Sirius Satellite Radio Ready/ Network And Digital Media Connectivity/ Black Finish","349.99"
"24937","Omnimount Moda 2 Shelf Wall Furniture - MWFS","Omnimount Moda 2 Shelf Wall Furniture - MWFS/ Modular Design/ Integrated Cable Management/ Tempered Glass Shelves","299"
"38473","Linksys EtherFast4116 16-Port 10/100 Ethernet Switch - EF4116","Linksys EtherFast4116 16-Port 10/100 Ethernet Switch - EF4116/ 16 Autosensing 10/100 Full Duplex Auto MDI/MDI-X Ports/ Run Blazing Speeds Up To 200Mbps/ Address Learning And Aging And Data Flow Control","79"
"30603","Panasonic Integrated White Telephone System With All-Digital Answering System - KXTS620W","Panasonic Integrated White Telephone System With All-Digital Answering System - KXTS620W/ 2-Way Recording/ Call Waiting Caller ID/ Speakerphone/ 3-Line LCD/ Data Port/ Ringer Indicator Lamp/ Programmable Tone/Pulse/ Wall Mountable/ White Finish","69"
"35467","Peerless 23' - 46' Universal Flat Panel TV Black Wall Mount - SF640P","Peerless 23' - 46' Universal Flat Panel TV Black Wall Mount - SF640P/ Supports Up To 150 Lbs/ Open Wall Plate Design/ Ultra-Slim Design Holds Screen Only 1.2' From The Wall/ Black Finish",""
"35014","LG 30' Stainless Steel Freestanding Gas Range - LRG30357SS","LG 30' Stainless Steel Freestanding Gas Range - LRG30357SS/ 5.0 Cu. Ft. Capacity Oven/ SuperBoil Burner/ 5 Burner System/ SmoothTouch Controls/ Warming Drawer/ Electronic Ignition System/ One Piece Recessed Cooktop/ Self-Cleaning Oven/ Stainless Steel Finish",""
"33713","Sharp Aquos 37' LCD HDTV In Black - LC37D44U","Sharp Aquos 37' LCD HDTV In Black - LC37D44U/ 7500:1 Dynamic Contrast Ratio/ Built In ATSC/QAM/NTSC Tuning System/ 6ms Response Time/ 1366 x 768 Pixel Resolution/ Advanced Super View/ 16:9 Aspect Ratio/ Black Finish",""
"37078","LG 42' Glossy Piano Black LCD Flat Panel HDTV - 42LG30","LG 42' Glossy Piano Black LCD Flat Panel HDTV- 42LG30/ 720p HD Resolution/ 1366 x 768 Resolution/ 12000:1 Dynamic Contrast Ratio/ AV Mode (Cinema Sports Game)/ Clear Voice/ LG SimpLink Connectivity/ Invisible Speaker System/ 6.2ms Response Time/ 60000 Hours Life Span/ ATSC/NTSC/Clear QAM Built-In Tuner/ HDMI v1.3/ Glossy Piano Black Finish",""
"16309","Sony Super Audio CD Player - SCDCE595","Sony Super Audio CD Player - SCDCE595/ Multi-Channel Super Audio CD Playback Capability/ CD/CD-R/CD-RW Playback Capability/ Multi-Channel Direct Stream Digitial Decoder/ Multi-Channel Management System/ SACD Text/CD Text Capability/ ETA LATE JANUARY 2009","149"
"37810","Sony VAIO LV Series Silver All-In-One Desktop Computer - VGCLV140J","Sony VAIO LV Series Silver All-In-One Desktop Computer - VGCLV140J/ 2.53GHz Intel Core 2 Duo E7200 Processor/ 4GB Memory/ Built-In 1.3 MP MOTION EYE Camera And Microphone/ 320GB Serial ATA Hard Drive/ 24' XBRITE-Full HD LCD/ Integrated Stereo A2DP Bluetooth Technology/ Two Built-In 5.5 Watt Stereo Speakers/ Microsoft Windows Vista Home Premium 64-Bit/ Silver Finish",""
"35165","LG 24' LDS4821WW Semi Integrated Built In White Dishwasher - LDS4821WH","LG 24' LDS4821WW Semi Integrated Built In White Dishwasher - LDS4821WH/ XL Tall Tub Cleans Up To 16 Place Settings At Once/ Adjustable Upper Rack/ LoDecibel Quiet Operation/ SenseClean Wash System/ 4 Wash Cycles With 3 Spray Arms/ Multi-Level Water Direction/ Slim Direct Drive Motor/ Semi-Integrated Electronic Control Panel/ White Finish",""
"37235","Sony BRAVIA Black SXRD 1080p Home Theater Front Projector - VPLHW10","Sony BRAVIA Black SXRD 1080p Home Theater Front Projector - VPLHW10/ SXRD 1920 x 1080p Full HD Panels/ 30000:1 Dynamic Contrast Ratio/ Fully Digital Signal Processing/ 200Watts Ultra-High-Pressure Lamp/ Whisper-Quiet Fan Noise And Noise Reduction Function/ Two HDMI Inputs/ BRAVIA Theatre Sync/ Remote Commander/ Black Finish","3499.00"
"23246","Plantronics Voyager 510 Bluetooth Headset - Silver Finish - 496915","Plantronics Voyager 510 Bluetooth Headset - 496915/ Lightweight Design For All-Day Wearing Comfort/ Noise-Canceling Microphone For Clearer Conversations/ Wind-Noise Reduction Technology/ Headset Folds For Easy Storage/ One-Touch Call Control Buttons",""
"24386","Nikon Rechargeable Li-Ion Battery - Black Finish - 25334","Nikon ENEL3E Rechargeable Li-Ion Battery - 25334/ Compatible D700 D200 D80 D300 D90 Nikon Digital Cameras",""
"35011","LG 30' Black Freestanding Gas Range - LRG30357BK","LG 30' Black Freestanding Gas Range - LRG30357BK/ 5.0 Cu. Ft. Capacity Oven/ SuperBoil Burner/ 5 Burner System/ SmoothTouch Controls/ Warming Drawer/ Electronic Ignition System/ One Piece Recessed Cooktop/ Self-Cleaning Oven/ White Finish",""
"34256","Weber Cast Iron Griddle - 7531","Weber Cast Iron Griddle - 7531/ Heavy-Duty Cast Iron Griddle/ Fits Weber Genesis Silver A & Spirit 500 Gas Grills","44.99"
"34442","Sony 3.1 Channel Home Theater Surround System In Black - HTCT100","Sony 3.1 Channel Home Theater Surround System In Black - HTCT100/ HDMI Active Intelligence/ LPCM Playback/ 3.1 Channel/ S-Force Surround/ BRAVIAﾮ Sync/ Digital Media Port/ Black Finish/ ETA MID JANUARY 2009","299"
"37293","Sony VAIO AW Series Titanium Grey Notebook Computer - VGNAW110JH","Sony VAIO AW Series Titanium Grey Notebook Computer - VGNAW110JH/ 2.26GHz Intel Core 2 Duo Processor P8400/ 18.4' (1680 x 945) XBRITE-ECO Widescreen Display/ 320GB Serial ATA 5400rpm Hard Drive/ Built-In 1.3 Megapixel MOTION EYE Camera And Microphone With Face-Tracking Technology/ 4GB PC2-6400 (2GBx2) Installed Memory/ Integrated Stereo A2DP Bluetooth/ Blu-ray Drive (Read Only)/ Titanium Grey Finish",""
"36454","Speck SeeThru Orange Hard Shell Case For 15' MacBook - MB15ORGSEEV2","Speck SeeThru Orange Hard Shell Case For 15' MacBook - MB15ORGSEEV2/ Translucent Hard Plastic Shell Gives Great Protection/ Full Access To All Controls/ Rubber Feet For Added Support/ Orange Finish",""
"38500","DLO Black HybridShell For iPhone 3G - DLA4010717","DLO Black HybridShell For iPhone 3G - DLA4010717/ Fusion Of Crystal-Clear Polycarbonate Hard-Shell Case Plus Non-Slip Silicone Accents/ Custom Fit/ Ultra-Slim Scratch And Slip Protection/ Total Access To All Controls Dock Connector And Headset Jack/ Designed Especially For The iPhone 3G/ Surface Shield Included/ Black Finish","24.99"
"29007","LG DLG2526W White Super Capacity Gas Dryer - DLG2526WH","LG DLG2526W White Super Capacity Gas Dryer - DLG2526WH/ 7.0 Cu. Ft. Capacity/ LoDecibel Quiet System/ 5 Drying Programs/ 5 Temperature Levels/ Upfront Electronic Control Panel With Dial-A-Cycle/ Sensor Dry System/ Transparent Glass Window Door/ White Finish",""
"33275","Canon Vixia High Definition Camcorder - HV30","Canon Vixia High Definition Camcorder - HV30/  2.7' Color Widescreen LCD/ 10x HD Video Zoom Lens/ 2.96 Megapixel/ DIGIC DV II Image Processor/ 200x Digital Zoom/ Built-In Ultra Video Light/ MiniSD Card Slot/ Built-In Electronic Lens Cover",""
"21267","Garmin Streetpilot C Series Vehicle Suction Mount - Black Finish - 0101060900","Garmin Streetpilot C Series Vehicle Suction Mount - 0101060900/ Dashboard Or Friction Mounting Options Are Recommended Except California/ 12/24 Volt Adapter",""
"28554","Olympus PS-BLS1 Lithium Ion Rechargeable Battery - LIIONPSBLS1","Olympus PS-BLS1 Lithium Ion Rechargeable Battery - LIIONPSBLS1/ Double Your Shooting Time With A Spare Battery For The Evolt E-410",""
"34927","LG Stainless Steel Freestanding Electric Range - LRE30757SS","LG Stainless Steel Freestanding Electric Range - LRE30757SS/ 5.6 Cu. Ft. Capacity/ Dual Convection/ Self-Cleaning/ Touch Controls/ Ceramic Cooktop/ WideView Window/ Warming Drawer/ Interior Oven Light/ Stainless Steel Finish",""
"34363","Speck SeeThru Aqua Hard Shell Case For 20' iMac - IM20AQUSEE","Speck SeeThru Aqua Hard Shell Case For 20' iMac - IM20AQUSEE/ Adds Color And Style To iMac/ Easy And Safe To Use/ Totally Removable/ Case Does Not Cover The Screen Or Camera/ Fits 20' Widescreen iMac/ Aqua Finish",""
"38466","Linksys Wireless-G Internet Home Monitoring Camera - WVC54GCA","Linksys Wireless-G Internet Home Monitoring Camera - WVC54GCA/ Sends High-Quality Live Audio And Video To Your Network Wirelessly/ Viewable From Most Web Browsers Anywhere In The World/ Built-In Video Stream Encoder And Stand-Alone Web Server (No PC Necessary)/ Security Mode/ Supports MPEG-4 And MJPEG Video At Up To 640x480/ Up To Four Simultaneous Remote Users","99"
"30355","Yamaha Mounting Installation Bracket - SPMK30","Yamaha Mounting Installation Bracket - SPMK30/ Hanging Bracket Keeps Your YSP-4000 YSP-3000 YSP-900 And YSP-800 Digital Sound Projector In Place/ Black Finish",""
"30058","Electrolux Pronto 2 In 1 Lightweight Upright Vacuum - EL1000B","Electrolux Pronto 2 In 1 Lightweight Upright Vacuum - EL1000B/ Built In Hand Vacuum/ Cyclonic Dust Cup/ Crevice Tool/ Two Power Settings/ Brush Roll Indicator Light/ Easy-Empty Dust Cup/ Charging Station",""
"37477","Canon PowerShot Silver 14.7 Megapixel Digital Camera - SD990IS","Canon PowerShot Silver 14.7 Megapixel Digital Camera - SD990IS/ 14.7 Megapixel/ 3.7x Optical Zoom/ Optical Image Stabilizer/ Optical Viewfinder/ Large High-Quality 2.5' PureColor LCD/ DIGIC 4 Image Processor/ Face Detection Self-Timer/ Intelligent Contrast Correction/ Quick Mode/ Print/Share Button/ Silver Finish",""
"552","Sony Turntable - PSLX350H","Sony Turntable - PSLX350H/ Belt Drive System/ 33-1/3 and 45 RPM Speeds/ Servo Speed Control/ Supplied Moving Magnet Phono Cartridge/ Bonded Diamond Stylus/ Static Balance Tonearm/ Pitch Control",""
"24402","KitchenAid 5-Speed Blender - Red Finish - KSB560ER","KitchenAid 5-Speed Blender - KSB560ER/ 56-Oz. Polycarbonate Pitcher/ .9 Horsepower Motor/ Intelli-Speed Controls/ Automatic Crush Ice Button/ Electronic Mixing Sensor/ Empire Red Finish",""
"34056","Canon Silver 10 Megapixel PowerShot Digital Camera - SD790IS","Canon Silver 10 Megapixel PowerShot Digital Camera - SD790IS/ 10.0 Megapixel/ 3x Optical Zoom/ Optical Image Stabilizer/ 3.0' PureColor LCD/ Face Detection Technology/ Motion Detection Technology/ DIGIC III Image Processor/ Red-Eye Correction/ Silver Finish",""
"38001","Sony 8' Black LCD Digital Photo Frame - DPFD80","Sony 8' Black LCD Digital Photo Frame - DPFD80/ 4:3 Widescreen LCD Display/ VGA 800 x 600 Resolution/ 256 MB Internal Memory/ Portrait-Landscape Auto Orientation Sensor/ On-Off Backlit SONY Logo/ Clock And Calendar Mode/ USB And Memory Card Slots/ Remote Control/ Black Finish","179.99"
"34136","Samsung 61' Black DLP Projection HDTV - HL61A650","Samsung 61' Black Series 6 DLP HDTV - HL61A650/ 1920 x 1080p Resolution/ 2500:1 Contrast Ratio/ Cinema Smooth Light Engine/ 3D Movie Viewing And Gaming/ DNIe Technology/ 3 HDMI Inputs/ Wiselink USB Connection/ TruSurround XT/ NTSC/ATSC/Clear QAM Tuner/ Black Finish",""
"34946","LG LFC25770SB 25.0 Cu. Ft. Smooth Black French Door Bottom Freezer Refrigerator - LFC25770BK","LG LFC25770SB 25.0 Cu. Ft. Smooth Black French Door Bottom Freezer Refrigerator - LFC25770BK/ 4 Slide Out Tempered Glass Shelves/ Internal LED Touch Pad Digital Temperature Controls/ 2 Humidity Crispers/ Multi Air Flow Cooling/ IcePlus Accelerated Freezing Function/ LoDecibel Quiet Operation/ BioShield Anti Bacterial Door Seal/ Pull Out Freezer Drawer/ Smooth Black Finish",""
"36494","LaCie 2TB Ethernet Big Disk External Hard Drive - 301239U","LaCie 2TB Ethernet Big Disk External Hard Drive - 301239U/ Share Files Over Gigabit Ethernet/ 7200 Rotational Speed (rpm)/ 16MB Cache/ 400MHz Processor/ Smart Fan/ Hi-Speed USB 2.0/ Full Support For Windows Mac And Linux",""
"38806","Canon XH A1S Black High Definition HDV Camcorder - XHA1S","Canon XH A1S Black High Definition HDV Camcorder - XHA1S/ 20x HD L Series Zoom/ 0.57' Widescreen Viewfinder/ 2.8' Widescreen LCD Screen/ High-Performance Stereo Electric Condenser Microphone/ SuperRange Optical Image Stabilization/ DIGIC DV II HD Image Processor/ 1440 x 1080 Pixels/ Instant Auto Focus/ Black Finish",""
"36969","Oregon Scientific AT18 Wearable Waterproof Action Camcorder - ATC2000","Oregon Scientific AT18 Wearable Waterproof Action Camcorder - ATC2000/ Full-Function Hands-Free Digital Recording/ Waterproof Up To 3 Meters/ Shock-Resistant For Extreme Conditions/ Mounts Easily/ 640 X 480 VGA Resolution At 30 Frames Per Second/ USB And RCA Cables Included/ SD Card Expansion Up To 2GB",""
"36906","Olympus Pink 8 Megapixel Digital Camera - FE360PNK","Olympus Pink 8 Megapixel Digital Camera - FE360PNK/ Face Detection/ Digital Image Stabilization/ Li-Ion Rechargeable Battery/ 8.0 Megapixels/ 3x Zoom/ 2.5' LCD/ 20 Shooting Modes/ Pink Finish",""
"33726","Boston Acoustics Solo AM/FM Large Display Clock Radio - HSOLOMDNT","Boston Acoustics Solo AM/FM Large Display Clock Radio - HSOLOMDNT/ Rotating Clock Face/ Precision Tuner/ 3 1/2? Full-Range Speaker/ Auxiliary Input/ High Contrast LCD Display/ 360ﾺ Snooze Bar/ Grey Finish","99"
"34552","Sony 32' BRAVIA XBR Series Black LCD Flat Panel HDTV - KDL32XBR6","Sony 32' BRAVIA XBR Series Black LCD Flat Panel HDTV - KDL32XBR6/ 1920 x 1080 Full HD 1080p Resolution/ Digital Media Extender (DMex)/ BRAVIA Engine Technology/ Advanced Contrast Enhancer (ACE)/ Enhanced (XMB) User Interface With Rich 3D Graphics/ 24p True Cinema/ Black Finish",""
"35282","Nikon COOLPIX P80 Digital Camera In Black - COOLPIXP80","Nikon COOLPIX P80 Digital Camera In Black - COOLPIXP80/ 10.1 Megapixels/ 18x Optical Wide-Angle Zoom-NIKKOR Lens / 2.7' High-Resolution LCD/ Electronic Viewfinder/ Auto Adjusts Up To ISO 6400/ In-Camera Red-Eye Fix/ Face-Priority AF/ D-Lighting/ High Quality TV Movies With Sound/ Black Finish",""
"33209","Sony 7' Digital Photo Frame In Black - DPFD70","Sony 7' Digital Photo Frame - DPFD70/ 7' LCD With 800 x 480 Resolution/ 15:9 Aspect Ratio/ 256MB Internal Memory/ Supports Most Memory Cards/ Variety Of Display Modes/ Auto Image Rotation Feature/ View Mode Button/ Fast Digital Picture Decoding/ Handles Large Data Files/ USB B-Type Connection/ Remote Control/ Black Finish","139"
"36286","Toshiba XDE Black 1080p Upconversion Extended Detail DVD Player - XDE500","Toshiba XDE Black 1080p Upconversion Extended Detail DVD Player - XDE500/ Full 1080p Upconversion With 24 Frames Per Second/ Detail Enhancement/ Intelligent Color/ Contrast Enhancement/ DivX Certified/ Black Finish","99"
"34298","Panasonic DECT 6.0 Expandable Digital Cordless Phone With All-Digital Answering System - KXTG9341T","Panasonic DECT 6.0 Expandable Digital Cordless Phone With All-Digital Answering System - KXTG9341T/ Up To 6 Multi-Handset Capability/ Digital Answering Machine System/ Ringer ID/ Call Waiting Caller ID/ Voicemail/ Hold/ Voice Menu/ Marker Message/ Mute/ Clock/ Alarm/ LED Lighting/ Night Mode/ Call Block/ Speakerphone/ 11 Days Standby/ 5 Hours Talk Time/ Black Metallic Finish",""
"36993","Canon PIXMA iP2600 Photo Printer - IP2600","Canon PIXMA Photo Printer - IP2600/ 4800 x 1200 Color dpi/ Spectacular Resolution/ Fast Photo Printing/ FINE Technology/ 1472 Precision Nozzles/ Auto Image Fix/ Easy-PhotoPrint EX Software/ 4 In 1 Or 2 In 1 Printing/ Energy Star Qualified/ Borderless 4' x 6' Print Approx. 55 Seconds/ Windows And Mac Compatible","49"
"36077","Samsung 19' Black Flat Panel Series 6 LCD HDTV - LN19A650","Samsung 19' Black Flat Panel Series 6 LCD HDTV - LN19A650/ 1440 x 900 True 720p Resolution/ 3000:1 Dynamic Contrast Ratio/ SRS TruSurround XT/ Built-In Digital Tuner (ATSC/Clear QAM)/ Wide Color Enhancer/ 8ms Response Time/ Touch Of Color Design/ Black With Red Finish","499"
"34454","Polk Audio Black 10' Powered Subwoofer - PSW110BK","Polk Audio PSW110 Black 10' Powered Subwoofer - PSW110BK/ 100 Watts Continuous Average Output/ 200 Watts Dynamic Power Output/ 10' Dynamic Balance Composite Woofer Driver/ Klippel Optimized Woofer/ High Current Class A/B Amplifiers/ Downward Firing Port/ Line And Speaker Level Inputs/ Non-Resonant MDF Construction/ Black Finish","299.95"
"37531","Case Logic Vertical Universal Leather BlackBerry Case - CLP104BB","Case Logic Vertical Universal Leather BlackBerry Case - CLP104BB/ 360 Degree Swivel Belt Clip/ Magnetic Closure/ Soft Internal Lining/ Expandable Elastic Sides/ Compatible With Most BlackBerrys/ Leather Fabric/ Black Finish","15"
"34260","Denon Blu-ray Disc DVD/CD Digital Player/Transport - DVD2500BTCI","Denon Blu-ray Disc DVD/CD Digital Player/Transport - DVD2500BTCI/ HDMI 1.3a With High Definition Output Up To 1080p/ Full 10-Bit Processing For i/p And Scaling Circuit/ Up To 36-Bit Deep Color Support Via HDMI/ Multi-Layered Construction With Dual-Layered Top Shields And Triple-Layered Bottom Shields/ Complete Digital-Only Transport To Eliminate Interference/ Black Finish",""
"37767","Kensington Combosaver Ultra Combination Notebook Lock - K64516US - K64516US","Kensington Combosaver Ultra Combination Notebook Lock - K64516US/   Steel Composite Cable With Carbon Tempered Steel Core/ Built-In Defense System/ T-Bar Lock/ Easy To Install","39"
"33948","Panasonic Black 8.5' Portable DVD Player - DVDLS83","Panasonic Black 8.5' Portable DVD Player - DVDLS83/ 8.5' Free Style Wide Screen LCD Display/ 6 Hour Battery/ Multi Format Playback/ Dual Headphone Jacks/ DivX Playback/ Car DC Adapter Included/ Black Finish",""
"35277","Pioneer KURO 60' Black Plasma HDTV - PDP6020FD","Pioneer KURO 60' Black Plasma HDTV - PDP6020FD/ 1920 x 1080p Full HD Resolution/ New Home Media Gallery Home Network Connectivity/ Four Independent HDMI v1.3 Inputs/ Anti-Reflective Filter/ Cell Structure With Crystal Emissive Layer/ ASIC Video Processing And Scaling/ Detachable Bottom Speaker/ Room Light Sensor/ ATSC/NTSC Tuner With Clear QAM/ 1080p 24/60Hz Signal Via HDMI/ Black Finish",""
"36052","Canon 9517A002 EF-S 17mm - 85mm f/4.0-5.6 USM IS Zoom Lens - 9517A002","Canon 275483 EF-S 17mm - 85mm f/4.0-5.6 USM IS Zoom Lens - 9517A002/ Compatible With Canon EOS 20D And Digital Rebel Bodies/ Aspheric Element With Two Aspherical Surfaces Utilized/ Image Stabilization/ Circular Aperture Design/ 5x Zoom Ratio",""
"16112","Panasonic Genius Prestige Inverter Microwave Convection Oven NNC994SS In Stainless Steel - NNC994SS","Panasonic Genius Prestige Microwave Convection Oven - NNC994SS/ 1.5 Cubic Foot Capacity/ 1100 W Microwave Inverter Power/ 1500 W Convection Power/ Genius Sensor Cook/ Two Level Cooking/ Half Mirror Finish Glass Door/ Stainless Steel Finish",""
"34944","Samsung 67' Black Widescreen Series 7 LED DLP HDTV - HL67A750","Samsung 67' Black Widescreen Series 7 LED DLP HDTV - HL67A750/ 1920 x 1080p Resolution/ 10000:1 Contrast Ratio/ Digital Noise Reduction/ CinemaPure Color Engine/ Get The Full Effect Of 3D/ LED Backlight/ NTSC/ATSC/Clear QAM Built-In Tuners/ 60000 Hours Lamp Life/ Black Finish",""
"34392","Polk Audio CSI A4 Black Center Channel Loudspeaker - CSIA4BK","Polk Audio CSI A4 Black Center Channel Loudspeaker - CSIA4BK/ 1' Silk/Polymer Dome Tweeter/ Dual 5-1/4' Mid/Woofers/ Magnetic Shielding/ All-MDF Construction/ Acoustically Inert Stamped Driver Baskets/ Floating Anti-Diffraction Grilles/ Dual Bi-Ampable Gold-Plated 5-Way Binding Post Inputs/ Black Finish/ Sold As A Single","279.95"
"6493","Denon Stereo Tuner - TU1500RD","Denon Stereo Tuner - TU1500RD/ RDS Radio Data System/ AM-FM 40 Station Random Memory/ Rotary Tuning Knob/ Dot Matrix FL Display/ Optional Remote","375"
"27248","Belkin F3H982-10 Pro Series High Integrity 10 Feet Monitor Cable - F3H98210","Belkin F3H982-10 Pro Series High Integrity 10 Feet Monitor Cable - F3H98210/ Recommended For Monitors 17' And Larger/ Designed To Support High Resolution Imaging And High Speed/ Double Shielding/ Gold Plated Copper Contacts",""
"34899","Sony Black 9 Megapixel Cyber-Shot Digital Camera - DSCH50B","Sony Black 9 Megapixel Cyber-Shot Digital Camera - DSCH50B/ 9 Megapixels/ 3.0' Tilt-Up Clear Photo LCD Plus Display/ Carl Zeiss 15X Optical Zoom Lens/ 15 MB Internal Memory/ Versatile Long Distance Flash/ Smart Zoom/ In-Camera Red-Eye Correction/ Smile Shutter Technology/ Face Detection/ In-Camera Retouching/ Super SteadyShot Optical Image Stabilization/ Double Anti-Blur Solution/ HDTV Compatibility/ NightShot Infrared System/ Black Finish",""
"34831","Speck SeeThru Pink Hard Shell Case For MacBook Air - MBAPNKSEE","Speck SeeThru Pink Hard Shell Case For MacBook Air - MBAPNKSEE/ Thin And Sleek Protective Case/ Access To All Ports/ 2-Piece Snap On/ Pink Finish",""
"29464","Sony Clip-On Black Headphones - MDRQ68LW","Sony Clip-On Black Headphones - MDRQ68LW/ Lightweight And Thin Body For Stable Fitting/ Retractable Silent Cord/ 3.3 Ft. Cord/ Gold Plated Mini-Plug/ Black Finish","29"
"34174","Klipsch Groove PM20 Computer Speakers - GROOVEPM20BK","Klipsch Groove PM20 Computer Speakers - GROOVEPM20BK/ 6 Ohms Nominal Impedance/ 3Full-Range 2.5? Fiber Composite Driver/ Overload Protection/ System-Specific Loudness Contour/ Black Finish","99"
"27501","Sirius FMDA25 Wired FM Modulation Relay - FMDA25","Sirius FMDA25 Wired FM Modulation Relay - FMDA25/ 2 Ft FM Antenna Cable/ 19 Ft 4 In Mini-Jack Cable","20"
"35226","Sony 42' BRAVIA V Series Black LCD Flat Panel HDTV - KDL42V4100","Sony 42' BRAVIA V Series Black LCD Flat Panel HDTV - KDL42V4100/ 1920 x 1080 Full HD 1080p Resolution/ Digital Media Extender (DMex)/ BRAVIA Engine Technology/ Advanced Contrast Enhancer (ACE)/ Enhanced (XMB) User Interface With Rich 3D Graphics/ 24p True Cinema/ Black Finish",""
"27783","Sony VAIO VGP-PRSZ1 SZ Series Docking Station - VGPPRSZ1","Sony VAIO VGP-PRSZ1 SZ Series Docking Station - VGPPRSZ1/ Compatible With SZ Series Notebooks/ Expand Connectivity To Your Notebook/ 3 USB 2.0 Gigabit Ethernet VGA DVI-D And DC In/ Black Finish","199"
"36029","Canon NB-5L Lithium Battery - 1135B001","Canon NB-5L Lithium Battery - 1135B001/ Compatible With Canon PowerShot SD700 And Ixus 800 Digital Cameras",""
"31273","Sony Universal Remote Commander Remote Control - RMV310","Sony Universal Remote Commander Remote Control - RMV310/ Controls Up To 7 AV Components/ Compatible With Most Of Major Brands/ Comfortable Ergonomic Design/ Silver Finish",""
"14033","Garmin Deluxe Carrying Case - Black Finish - 0101023101","Garmin Deluxe Carrying Case - 0101023101/ Designed For Street Pilot III 2610/2650 GPS Systems/ Holds Your GPS System Mounting Bracket Cables Batteries And Data Cards",""
"22558","Netgear RangeMax Wireless Access Point - White Finish - WPN802NA","Netgear RangeMax Wireless Access Point - WPN802NA/ Improves Performance Of Existing Legacy 802.11b And 802.11g Wireless Devices Up To 50 Percent/ Wired Equivalent Privacy (WEP) 64-Bit128-Bit Encryption/ Wi-Fi Protected Access (WPA Pre-Shared Key)","130"
"37055","Garmin Nuvi 265WT GPS Navigation System - 0100057510","Garmin Nuvi 265WT GPS Navigation System - 0100057510/ 4.3' Widescreen Sunlight-Readable Touchscreen Display Size/ Turn-by-Turn Directions/ Voice Prompts/ Speaks Street Names/ 2-D Or 3-D Maps/ Bluetooth Wireless Technology/ Avoid Traffic Tie-Ups/ Integrated FM Traffic Receiver/ Sleek & Slim Design/ JPEG Picture Viewer/ World Travel Clock/ Up To 4 Hours Of Battery Life/ Garmin Lock/ Grey Finish",""
"23097","Uniden 5.8GHz Accessory Handset And Charger - TCX905","Uniden 5.8GHz Accessory Handset And Charger - TCX905/ Base Keypad/ Handset Speakerphone/ Caller ID/Call Waiting Deluxe/ DirectLink Technology/ Advanced Phonebook Features/ Trilingual Menu Displays",""
"29861","LG LSC21943ST Stainless Steel Side By Side Refrigerator - LSC21943SS","LG LSC21943ST Stainless Steel Side By Side Refrigerator - LSC21943SS/ 21.0 Cu. Ft. Capacity/ Digital LED Display/ SmoothTouch External Digital Temperature Controls/ 8 Digital Sensors/ OptiChill Drawer With 3 Temperature Settings/ IcePlus Accelerated Freezing Function/ Door Alarm/ LoDecibel Quiet Operation/ BioShield Anti-Bacterial Seal/ Stainless Steel Finish",""
"38214","Canon Black 21.1 Megapixel EOS Digital SLR Camera Body - EOS5DMARKIIBODY","Canon Black 21.1 Megapixel EOS Digital SLR Camera Body - EOS5DMARKIIBODY/ 21.1 Megapixel/ 3.0' Clear View LCD Monitor/ HD Video Shooting/ DIGIC 4 Image Processor/ Live View Mode/ Self Cleaning Sensor Unit/ Dust Delete Data Detection/ Anti-Reflective And Scratch-Resistant Coatings/ Lens Not Included/ Black Finish","2699.00"
"9312","Panasonic Hands-Free Headset - KXTCA86","Panasonic Hands-Free Headset - KXTCA86/ Comfort Fit And  Fold Design/ Noise Cancelling Microphone/ Standard 2.5mm Connection","14.95"
"29238","Panasonic Expandable Digital Cordless DECT 6.0 Handset In Silver - KXTGA101S","Panasonic Expandable Digital Cordless DECT 6.0 Handset In Silver - KXTGA101S/ Expansion Handset And Charger Select 1000 Series Phone Systems/ Big Buttons/ Built-In Clock With Alarm/ Silver Finish","39"
"36305","Linksys Wireless-N Security Router - WRVS4400N","Linksys Wireless-N Security Router - WRVS4400N/ 800 Mb/s NAT Throughput/ 11 Channels/ Draft 802.11n Wireless Networking Technology/ Full Backwards Compatibility For 802.11b & 802.11g/ Stateful Packet Inspection Firewall/ User Definable Access Control Lists/ SNMP v1 & v2c Support/ Silver Finish",""
"36295","Sony 8cm MiniDVD-R Camcorder Media 3 Pack - 3DMR30R1H","Sony 8cm MiniDVD-R Camcorder Media 3 Pack - 3DMR30R1H/ Record Up To 30 Minutes Of Video On These Write-Once Discs/ 1.4GB Storage Capacity/ Compatible With MiniDVD Camcorders",""
"24789","Terk Mini Tuner Cartridge For XM Ready Home Products - CNP2000","Terk Mini Tuner Cartridge For XM Ready Home Products - CNP2000/ Connects To Any Home Or Portable Audio Product With The XM Ready Logo","29"
"27771","Fellowes Confetti Cut Shredder - W11C","Fellowes Confetti Cut Shredder - W11C/ Shreds Up To 11 Sheets Per Pass/ Safely Shreds Staples And Credit Cards/ 9' Paper Entry Accepts Any Standard Or Legal Size Document/ Safety Interlock Switch Automatically Powers Off When Shredder Head Is Lifted","79"
"36168","Flip Video F360 Black Mino Series Camcorder - F360B","Flip Video F360 Black Mino Series Camcorder - F360B/ 2GB Internal Memory/ One-Touch Recording/ Built-In Flash Memory/ Rechargeable Lithium Ion Battery Power/ 'Child Safe' Mode/ Fast Lens/ 2x Digital Zoom/ 1.5' Color High-Brightness Display/ Flip-Out USB Arm/ Silent Mode/ TV Connector Cable Included/ Black Finish",""
"25167","Denon Progressive Scan Universal DVD Player - DVD2930CI","Denon Progressive Scan Universal DVD Player - DVD2930CI/ AC 120 Volts/ 60 Hertz/ 45 Watts/ Infrared Pulse Remote Control","849"
"37145","Garmin Nuvi 765T GPS Navigation System - 0100071520","Garmin Nuvi 765T GPS Navigation System - 0100071520/ 4.3' Touchscreen Widescreen Display/ Up To 5 Hours/ Sleek & Slim Design/ Advanced Navigation With Lane Assist/ Bluetooth Wireless/ FM Traffic/ 3-D Building View/ Preloaded Street Maps For North America/ Photo Navigation/ Speaks Street Names/ FM Transmitter/ MP3 Player/ Route Planning/ Where Am I?/ Garmin Locate/ Grey Finish",""
"24648","Waring Professional Cool-Touch Deep Fryer - Black/Stainless Steel Finish - DF100","Waring Professional Cool-Touch Deep Fryer - DF100/ Large Frying Basket/ 60-Minute Timer/ Removable Control Panel/ Unique Heating Element/ Breakaway Cord/ LED Power Indicators","70"
"9071","Sony 400 Disc MegaStorage CD Changer - CDPCX455","Sony 400 Disc MegaStorage CD Changer - CDPCX455/ MP3 Playback Capability/ CD-R/CD-RW Playback/ Twin Jog Dial For Easy Disc Access/ MegaChanger Control/ Optical Digital Output/ Keyboard Input/ Remote Commanderﾮ Remote Control",""
"34998","Samsung 50' Widescreen Plasma HDTV - PN50A650","Samsung 50' Widescreen Plasma HDTV - PN50A650/ Touch Of Color/ Ultra FilterBright Anti Glare Technology/ 1000000:1 Dynamic Contrast Ratio/ Picture-In-Picture/ Anti-Burn-In Technology/ Sports/Game/Movie Modes/ Single Integrated User Interface With Wheel-Key Remote/ ATSC/NTSC/Clear QA Tuners",""
"29339","Panasonic Silver Rice Cooker/Warmer - SRTMB10","Panasonic Silver Rice Cooker/Warmer - SRTMB10/ 6 Menu Settings/ Non-Stick Coated Pan/ 13-Hour Preset Timer/ 12-Hour Keep Warm Setting/ Automatic Rewinding Cord Reel/ Steaming Basket/ Silver Finish",""
"34036","Sony Black Handycam Camcorder Soft Carrying Case - LCSX20","Sony Black Handycam Camcorder Soft Carrying Case - LCSX20/ Compatible To Hard Drive And DVD Camcorders/ Stain Resistant Nylon/ Organizer For Accessories/ Shoulder Held Case",""
"32889","Pioneer Sirius Bus Interface - CDSB10","Pioneer Sirius Bus Interface - CDSB10/ Sirius Connect' Compatibility/ Replay Function/ Game Alert/ Game Zone","68"
"37915","Panasonic Silver 8.1 Megapixel Digital Camera - DMCFS3S","Panasonic Silver 8.1 Megapixel Digital Camera - DMCFS3S/ 8.1-Megapixel/ 33mm Lens/ 3x Optical Zoom/ Intelligent Auto Mode/ 2.5' Diagonal Intelligent LCD/ MEGA Optical Image Stabilization/ Intelligent ISO Control/ Face Detection/ Hi-Speed Burst Mode/ Silver Finish",""
"6726","KitchenAid Pasta Roller And Cutter - KPRA","KitchenAid Pasta Roller And Cutter - KPRA/ One Pasta Roller/ Two Pasta Cutters/ Cleaning Brush/ Chrome Finish",""
"29880","Haier 20' ATSC Color Tube Television - HTR20","Haier 20' ATSC Color Tube Television - HTR20/ Video Noise Reduction/ Multi Picture Modes/ Multilingual Display/ Digital Comb Filter/ Component Video Input/ Front AV Jacks",""
"32893","Pioneer HD Radio Tuner - GEXP10HD","Pioneer HD Radio Tuner - GEXP10HD/ Compatible With  FH-P800BT FH-P8000BT DEH-P700BT DEH-P7000BT DEH-P600UB DEH-P6000UB/ 'External Control' Capable","100"
"34961","LG LFX25971SW 24.7 Cu. Ft. Smooth White French Door Bottom Freezer Refrigerator - LFX25971WH","LG LFX25971SW 24.7 Cu. Ft. Smooth White French Door Bottom Freezer Refrigerator - LFX25971WH/ 3 Slide Out Tempered Glass Shelves/ Digital LED Display/ SmoothTouch Digital Temperature Controls/ 2 Humidity Crispers/ Multi-Air Flow Cooling/ IcePlus Accelerated Freezing Function/ LoDecibel Quiet Operation/ BioShield Anti-Bacterial Door Seal/ Pull-Out Freezer Drawer/ Smooth White Finish",""
"37796","Escort Passport 9500IX Radar Detector - 9500IX","Escort Passport 9500IX Radar Detector - 9500IX/ Pre-Loaded With Thousands Of Saftey Camera Locations/ 360 Degree Radar & Laser Protection/ Completely Undetectable To All Detector Scanners/ Variable-Speed Radar Performance/ GPS-Powered Truelock Filter/ AutoLearn Feature/ Speed Alert/ Crystal-Clear Voice Alerts/ 80 LED Matrix Blue Display/ 5 Levels Of Brightness Control/ Black Finish","503.95"
"33490","Nikon D60 Digital Camera With 18-55MM Lens - D60OUTFIT","Nikon D60 Digital Camera With 18-55MM Lens - D60OUTFIT/ 10.2 Megapixel/ AF-S DX NIKKOR 18-55MM F/3.5-5.6G VR Image Stabilization Lens/ In-Camera Image Editing And Enhanced Retouch Menu/ Built-In Speedlight/ Image Optimization/ 2.5' LCD Screen/ Product Number 25438/ Black Finish",""
"36033","Canon Black Leather Camera Case - 1588B001","Canon Black Leather Camera Case - 1588B001/ Compatible With Canon Digital ELPH Cameras/ Protects Your Camera From Dust And Scratches/ Wrist Strap For Easy Portability/ Black Finish",""
"30453","Bose Lifestyle 48 Series IV 43479 Home Entertainment System - LS48IVWH","Bose Lifestyle 48 Series IV Home Entertainment System - LS48IVWH/ ADAPTiQ Audio Calibration System/ Acoustimass Module/ Jewel Cube Speakers/ Direct/Reflecting Speaker Technology/ VS-2 Video Enhancer/ Proprietary Videostage 5 Decoding Circuitry/ Digital 5.1 Decoding/ Control Integration/ White Finish","3999.00"
"34657","Samsung 40' Series 7 LCD Black Flat Panel HDTV - LN40A750","Samsung 40' Series 7 LCD Black Flat Panel HDTV - LN40A750/ Touch Of Color Design/ Full 1080p High Definition Resolution/ 16:9 Widescreen Aspect Ratio/ 50000:1 Dynamic Contrast Ratio/ 4ms Response Time/ SRS TruSurround XT Audio/ Built-In Digital Tuner (ATSC/Clear QAM)/ Picture-In-Picture/ 4 HDMI Connections (3 Rear/1 Side)/ Black With Red Accent Finish",""
"32054","Haier 13' TV/DVD Combo - TCR13","Haier 13' TV/DVD Combo - TCR13/ Integrated ATSC/NTSC - QAM Tuner/ 480I Resolutions/ Digital Comb Filter/ Video Noise Reduction/ Trilingual On-Screen Display/ Full Function Remote/ V-Chip Parental Control/ Silver Finish",""
"32340","Klipsch Black Wireless iPod Speaker - ROOMGROOVE","Klipsch Black Wireless iPod Speaker - ROOMGROOVE/ Wirelessly Sends CD-Quality Music To/From Other RoomGrooves/ Retractable Dock Charges iPods With 30-Pin Connectors/ Horn-Loaded Technology For Precise High Tones/ Dual High-Output Woofers Deliver Room-Filling Bass/ Black Finish","299"
"34304","Samsung 32' Series 6 LCD Black Flat Panel HDTV - LN32A650","Samsung 32' Series 6 LCD Black Flat Panel HDTV - LN32A650/ Full 1080p High Definition Resolution/ 16:9 Widescreen Aspect Ratio/ 50000:1 Dynamic Contrast Ratio/ SRS TruSurround XT Audio/ Built-In Digital Tuner (ATSC/Clear QAM)/ Picture-In-Picture/ Auto Volume Leveler/ 4 HDMI Slots/ Swivel Stand/ Piano Black With Hint Amber Finish",""
"33157","Sony 40GB High Definition Hard Disk Drive Handycam Camcorder - HDRSR10","Sony 40GB High Definition Hard Disk Drive Handycam Camcorder - HDRSR10/ 1920 x 1080 Recording/ Face Detection/ 2.3 Megapixel ClearVid CMOS Sensor/ Bionz Image Processor/ Exmor Imaging Sensor/ 15X Optical/180X Digital Zoom/ 2.7' Wide (16:9) Hybrid Touch Panel Clear Photo LCD Plus Display/ Dolby Digital 5.1ch Recording/ Dynamic Range Optimizer/ Super NightShot Infrared System/ x.v. Color Technology",""
"38142","Canon Pink 8.0 Megapixel PowerShot Digital Camera - SD1100ISP","Canon Pink 8.0 Megapixel PowerShot Digital Camera - SD1100ISP/ 8.0 Megapixel/ 3x Optical Zoom/ 2.5' Color LCD/ 18 Shooting Modes/ Red-Eye Correction/ Face Detection Technology/ iSAPS Technology/ Melody Pink Finish","178"
"19676","Sanus 32' - 84' Flat Panel TV Black Tilting Wall Mount - VMPL3B","Sanus 32' - 84' Flat Panel TV Black Tilting Wall Mount - VMPL3B/ Virtual Axis Tilt Adjustment System/ Supports Up To 280 Lbs./ Fits Most Large Flat Panel LCD TVs/ Easy To Install/ Black Finish",""
"35872","Sharp Plasmacluster Air Purifier - KCC100U","Sharp Plasmacluster Air Purifier - KCC100U/ Humidification Function/ True HEPA Filter Captures 99.97 Percent Of Particles As Small As 0.3 Microns/ Plasmacluster Technology/ Clean Sign Indicator/ Automatic Operation/ 8.4 Pints (4.0L) Tank Capacity/ Library Quiet",""
"33640","Toshiba Black DVD Recorder With Built-In Digital Tuner - DR560","Toshiba Black DVD Recorder With Built-In Digital Tuner - DR560/ Built-In ATSC/NTSC/QAM Digital/Analog Tuner/ Multi-Format Recording And Playback/ Video Upconversion Up To 1080p Resolution/ One Touch Recording/ Camcorder Controls/ Auto Finalize With Undo/ REGZA LINK/ Black Finish",""
"37309","Sony VAIO CS Series Black Notebook Computer - VGNCS180JQ","Sony VAIO CS Series Black Notebook Computer - VGNCS180JQ/ 2.26GHz Intel Core 2 Duo Processor P8400/ 14.1' (1280 x 800) XBRITE-ECO Widescreen Display/ 320GB Serial ATA 5400rpm Hard Drive/ Built-In 1.3 Megapixel MOTION EYE Camera And Microphone/ 4GB PC2-6400 (2GBx2) Installed Memory/ Integrated Stereo A2DP Bluetooth/ 1066MHz Front Side Bus Speed/ 3MB L2 Cache/ Blu-ray Drive (Read Only)/ Genuine Microsoft Windows Vista Home Premium 64-Bit/ Black Finish",""
"28650","Griffin Elevator Brushed Aluminum Laptop Stand - 1093CURV2","Griffin Elevator Brushed Aluminum Laptop Stand - 1093CURV2/ Elevates Laptop Screen 5.5' While Providing Valuable Desktop Real Estate For Your Keyboard And Mouse/ Keeps Laptop Cool With 360 Degrees Of Air Circulation/ Compatible With Mac Or PC Laptop","39"
"29816","Sony HD Radio Add On Tuner - XT100HD","Sony HD Radio Add On Tuner - XT100HD/ High-Fidelity FM/AM Digital Radio With HD Radio Technology/ Compatible With Most 2005 Headunits And Later That Are SAT Radio Ready/ Built-In Sony Bus Connectivity/ Black Finish",""
"20458","Canon Cyan Photo Ink Cartridge - Cyan - CLI8PC","Canon Cyan Photo Ink Cartridge - CLI8PC/ Compatible With The Pixma iP6600D Printer","16"
"33569","Panasonic VIERA 42' Plasma Flat Panel 1080p HDTV In Black - TH42PZ80U","Panasonic VIERA 42' Plasma Flat Panel 1080p HDTV In Black - TH42PZ80U/ 1080p Display/ 1920 x 1080 Native Resolution/ Color Purity Optimizer/ Surround Sound/ Anti-Reflective Filter/ VIERA Link HDAVI Control/ Built-In NTSC/ATSC/QAM Tuners/ 3 HDMI Inputs/ Built-In GalleryPlayer Capable/ SD Card Memory Slot/ Pedestal Stand Included/ Black Finish",""
"36021","Speck Clear 13' MacBook See Thru Hard Shell Case - MB13CLRSEEV2","Speck Clear 13' MacBook See Thru Hard Shell Case - MB13CLRSEEV2/ Hard Plastic Shell Gives Great Protection/ Full Access To All Controls/ Rubber Feet For Added Support/ Clear Finish",""
"29902","TiVo HD Digital Video Recorder (180 Hour) - TCD652160","TiVo HD Digital Video Recorder - TCD652160/ Search Record And Watch Shows In HD/ Record Up To 20 Hours In HD (Or 180 Hours In Standard Definition)/ Record Two Shows At Once In HD/ Replaces Your Cable Box And Works With Over-The-Air Antenna/ USB Connectivity/ Remote Control/ Netflix Instant Streaming/ TiVo Service Required And Sold Separately",""
"38388","Canon Digital EOS Rebel XS Starter Kit - 9320A010","Canon Digital EOS Rebel XS Starter Kit - 9320A010/ Includes Digital Gadget Bag 200DG Battery Pack NB-2LH 58mm UV Haze Filter",""
"28067","Pioneer CD-I200 iBus Interface Cable For iPod - CDI200","Pioneer CD-I200 iBus Interface Cable For iPod - CDI200/ Direct Connection For Your iPod/ Fast And Easy Control Of Your iPod/ Easy Connection To Compatible Pioneer Units/ Black Finish",""
"24615","Nikon 55-200MM Zoom-Nikkor Lens Accessory - 2156","Nikon 55-200MM Zoom-Nikkor Lens Accessory - 2156/ 3.6X Zoom/ 55 - 200MM/ Silent Wave Motor/ Two ED Glass Elements/ Focus Mode Switch","199"
"30734","Tech Craft Veneto Series Black TV Stand - ABS60BK","Tech Craft Veneto Series Black TV Stand - ABS60BK/ Supports Up To A 60' Flat Panel TV/ Molded Top Gives It An Elegant Appearance/ Framed Doors To Conceal Components/ 200 Lbs Top Shelf Capacity/ Black Finish","399"
"30158","LaCie 1TB FireWire 800/FireWire 400/USB 2.0 External Hard Drive - 301199U","LaCie 1TB FireWire 800/FireWire 400/USB 2.0 External Hard Drive - 301199U/ Triple Interface For Universal Connectivity On PC/Mac/ Built-In RAID 0 For Extreme FireWire 800 Speed/ 7200 Rotational Speed (rpm)/ Thermo-Regulated Progressive Quiet Fan",""
"37878","Apple MacBook Pro 2.53GHz Intel Core 2 Duo Silver Notebook Computer - MB471LLA","Apple MacBook Pro 2.53GHz Intel Core 2 Duo Silver Notebook Computer - MB471LLA/ 2.53GHz Intel Core 2 Duo Processor/ 320GB 5400-RPM Serial ATA Hard Drive/ 15.4' LED-Backlit Glossy Widescreen Display/ Built-In iSight Camera/ Built-In AirPort Extreme Wi-Fi And Bluetooth/ NVIDIA GeForce 9600M GT Graphics Processor/ Dual Display And Video Mirroring/ Multi-Touch Trackpad/ 85W MagSafe Power Adapter/ Mini DisplayPort/ Mac OS X v10.5 Leopard/ Silver Finish","2499.00"
"20534","Pioneer Voice Command Pack - Black Finish - CDVC1","Pioneer Voice Command Pack - CDVC1/ Microphone And Steering Wheel Remote Control/ Use Your Voice To Control Navigation Audio And Video Functions/ Compatible With AVICN2 And AVICN1","48"
"28137","Sony InfoLithium H Series Standard Rechargeable Battery Pack - NPFH70","Sony InfoLithium H Series Standard Rechargeable Battery Pack - NPFH70/ Compatible With Most Handycam Camcorders/ Black Finish",""
"36430","Speck SeeThru Clear Hard Shell Case For 15' MacBook - MB15CLRSEEV2","Speck SeeThru Clear Hard Shell Case For 15' MacBook - MB15CLRSEEV2/ Translucent Hard Plastic Shell Gives Great Protection/ Full Access To All Controls/ Rubber Feet For Added Support/ Clear Finish",""
"29823","LG DLE2516W White Super Capacity Electric Dryer - DLE2516WH","LG DLE2516W White Super Capacity Electric Dryer - DLE2516WH/ 7.0 Cu. Ft. Capacity/ LoDecibel Quiet System/ 5 Drying Programs/ 5 Temperature Levels/ Upfront Electronic Control Panel With Dial-A-Cycle/ Drum Light/ Transparent Glass Window Door/ White Finish",""
"26461","Linksys Wireless-G VPN Broadband Silver Router - WRV54G","Linksys Wireless-G VPN Broadband Silver Router - WRV54G/ Built-In VPN Endpoint Capability/ Securely Connect Up To 50 Remote Or Traveling Users To Your Office Network Via VPN/ Hotspot Ready With Subscriber Registration Authorization And Authentication Functions/ Silver Finish","149"
"34881","Sony 32' BRAVIA L-Series Black LCD Flat Panel HDTV - KDL32L4000","Sony 32' BRAVIA L-Series Black LCD Flat Panel HDTV - KDL32L4000/ 1366 x 768 Resolution/ Up To 1080/60p Input Capable Via HDMI/ ATSC/NTSC Tuner With QAM/ 2000:1 Contrast Ratio/ CineMotion Reverse 3:2 Pulldown Technology/ 3D Digital Comb Filter/ VESA Hole Spacing Compatible/ Black Finish",""
"35851","Linksys Ultra RangePlus Wireless-N Broadband Router - WRT160N","Linksys Ultra RangePlus Wireless-N Broadband Router - WRT160N/ Internet-Sharing Router/ 4-Port Switch/ Enhanced Wireless Access Point/ MIMO Technology/ Faster Than Wireless-G/ Protected By Wireless Encryption/ Powerful SPI Firewall/ 2 Antennas/ Glossy Black Finish","79"
"33158","Sony 60GB High Definition Hard Disk Drive Handycam Camcorder - HDRSR11","Sony 60GB High Definition Hard Disk Drive Handycam Camcorder - HDRSR11/ 1920X1080 Recording/ Face Detection/ 5 Megapixel ClearVid CMOS Sensor/ Bionz Image Processor/ Exmor Imaging Sensor/ 12X Optical/150X Digital Zoom/ 3.2' Wide (16:9) Hybrid Touch Panel Clear Photo LCD Plus Display/ Dolby Digital 5.1ch Recording/ Dynamic Range Optimizer/ Super NightShot Infrared System/ x.v. Color Technology",""
"34962","LG LFX25971SB 24.7 Cu. Ft. Smooth Black French Door Bottom Freezer Refrigerator - LFX25971BK","LG LFX25971SB 24.7 Cu. Ft. Smooth Black French Door Bottom Freezer Refrigerator - LFX25971BK/ 3 Slide Out Tempered Glass Shelves/ Digital LED Display/ SmoothTouch Digital Temperature Controls/ 2 Humidity Crispers/ Multi-Air Flow Cooling/ IcePlus Accelerated Freezing Function/ LoDecibel Quiet Operation/ BioShield Anti-Bacterial Door Seal/ Pull-Out Freezer Drawer/ Smooth Black Finish",""
"35415","Uniden DECT 6.0 Digital Accessory Handset  - DCX300","Uniden DECT 6.0 Digital Accessory Handset - DCX300/ DECT 6.0 Interference Free Cordless Frequency/ Large Color Display/ Blue Backlit Keypad/ Handset Speakerphone/ Intercom or Call Transfer Between Handsets/ Polyphonic Ring Tones/ Advanced Phonebook Features/ Last 5 Number Redial/ Piano Black Finish","34"
"33883","Boston Acoustics Duo-I AM/FM Clock Radio With iPod Dock - HDUOIMDNT","Boston Acoustics Duo-I AM/FM Clock Radio With iPod Dock - HDUOIMDNT/ Integrated iPod Dock/ Precision AM/FM Stereo Tuner/ 3 1/2' Dual High Performance Full-Range Speakers/ BassTrac Audio Processing/ 2 Auxiliary Inputs/ High Contrast Display/ 10 FM & 5 AM Station Presets/ 360ﾺ Snooze Bar/ Remote Control Included/ Grey Finish","199"
"36909","Olympus Silver 8 Megapixel Digital Camera - FE370S","Olympus Silver 8 Megapixel Digital Camera - FE370S/ Dual Image Stabilization/ 5x Optical Zoom/ Face Detection/ Intelligent Auto/ Smile Shot/ 2.7' High Resolution LCD/ 18 Shooting Modes/ 8.0 Megapixels/ Silver Finish",""
"36061","Toshiba Black DVD/VCR Combinaton Player - SDV296","Toshiba Black DVD/VCR Combinaton Player - SDV296/ Progressive Scan DVD Player/ One Touch Recording For The VCR/ ColorStream Pro Progressive Scan Component Video Outputs/ Simultaneous DVD Playback And VHS Record/ JPEG Viewer/ Black Finish","89"
"35031","LG 2.0 Cu. Ft. Over-The-Range White Microwave Oven - LMVM2085WH","LG 2.0 Cu. Ft. Over-The-Range White Microwave Oven - LMVM2085WH/ Warming Lamp/ Glide & Spin Sliding Tray With Turntable/ Sensor Cook Feature/ 300 CFM Exhaust System/ Horizontal Keypad/ Elegant Hidden Vent/ WideView Window/ Halogen Cooktop Lighting/ White Finish",""
"36705","Nikon Black 13.5 Megapixel COOLPIX Digital Camera - COOLPIXP6000BK","Nikon Black 13.5 Megapixel COOLPIX Digital Camera - COOLPIXP6000BK/ 13.5 Effective Megapixels/ 4x Zoom-NIKKOR Lens/ 2.7' High-Resolution Wide-Viewing Angle LCD Monitor/ Optical Lens Shift VR Image Stabilization/ Wired LAN Connectivity/ Built-In GPS Unit/ Wireless Remote Control/ In-Camera Red-Eye Fix/ D-Lighting/ Black Finish",""
"38767","Coby 7' Black Widescreen TFT Portable DVD CD MP3 Player - TFDVD7006","Coby 7' Black Widescreen TFT Portable DVD CD MP3 Player - TFDVD7006/ Compact Portable Design/ 480 x 240 Display Resolution/ 16:9 Widescreen TFT Color Display/ DVD DVDﾱR/RW CD CD-R/RW JPEG And MP3 Compatible/ Anti-Skip Circuitry/ Dolby Digital Decoder/ Digital And Analog AV Outputs/ NTSC/PAL Video System/ Black Finish","97"
"24346","Panasonic Lithium Ion Rechargeable Battery - Black Finish - CGRS006A1B","Panasonic Lithium Ion Rechargeable Battery - CGRS006A1B/ Compatible With DMCFZ7 And DMCFZ30 Digital Cameras",""
"36864","Sony 52' BRAVIA XBR Series Black LCD Flat Panel HDTV - KDL52XBR6","Sony 52' BRAVIA XBR Series Black LCD Flat Panel HDTV - KDL52XBR6/ 1920 x 1080 Full HD 1080p Resolution/ Digital Media Extender (DMex)/ BRAVIA Engine II Technology/ Advanced Contrast Enhancer (ACE)/ 24p True Cinema/ 120Hz Refresh Rate With Dejudder Processing/ Bottom-Mounted Speaker/ Black Finish",""
"28205","Panasonic KX-TG6702B 5.8 GHz FHSS GigaRange Expandable Black Cordless Phone System - KXTG6702B","Panasonic KX-TG6702B 5.8 GHz FHSS GigaRange Expandable Black Cordless Phone System - KXTG6702B/ All-Digital Answering System/ LCD Call Counter/ Speakerphone/ Navigator Key/ Up To 8 Handsets With Just One Phone Jack/ Line Status Indicator/ Voice Scramble/ Handset Locator/ Volume Control/ Black Finish","197"
"23864","Hoover Bagged Tempo Widepath Upright Vacuum - U5140","Hoover U5140-900 Bagged Tempo Widepath Upright Vacuum - U5140/ Filter Traps 100 Percent Dust Mites 99.98 Percent Ragweed And Common Grass Pollens/ Powerful 12 Amp Motor/ Filter Bag Check For Optimum Cleaner Performance/ 15' Cleaner Width",""
"8552","Sony 300 Disc CD Changer - CDPCX355","Sony 300 Disc CD Changer - CDPCX355/ MegaStorage Control/ CD-R/CD-RW Playback/ 32 Step Program Play/ Control A1 II/ Custom File Memo/ CD Text/ Keyboard Input/ 2 Jog Dials/ Remote Control/ Black Finish",""
"31954","Sirius STILETTO 2 Home Docking Kit - SLH2","Sirius STILETTO 2 Home Docking Kit - SLH2/ Stereo Audio Output Connects With Home Audio System Or Speakers/ Headphone Jack/ PC Sync/ Compatible With Stiletto 2 Radios/ Charges Stiletto 2 While Docked/ Black Finish","49"
"36383","Speck SeeThru Orange Hard Shell Case For 13' MacBook - MB13ORGSEEV2","Speck SeeThru Orange Hard Shell Case For 13' MacBook - MB13ORGSEEV2/ Translucent Hard Plastic Shell Gives Great Protection/ Full Access To All Controls/ Rubber Feet For Added Support/ Orange Finish",""
"11801","Escort Passport Radar And Laser Detector - Black Finish - 8500","Escort Passport X50 Radar And Laser Detector - 8500/ X-Band K-Band Ka-Band Operating Bands/ AlGaAs 280 LED Matrix/Text Display Type/ 3-Level Dimming Plus Dark Mode/ Auto Mute/ City Mode Sensitivity/ Compact Size/ Red Display","313.95"
"24493","Panasonic 2-Line Integrated Phone System - White Finish - KXTS3282W","Panasonic 2-Line Integrated Phone System - KXTS3282W/ Call Waiting Caller ID/ Speakerphone/ Call Restriction/ Intercom/ 3-Way Conferencing/ 3-Line LCD With Clock/ Programmable Tone/Pulse/ White Finish",""
"26241","Whirlpool Cabrio WTW6400SW Top Loading White Washer - WTW6400SWH","Whirlpool Cabrio WTW6400SW Top Loading White Washer - WTW6400SWH/ 4.5 Cu. Ft. Capacity/ Direct Inject Wash System/ 6th Sense Technology/ Care Control Temperature Management/ Ultra Quiet Wash Noise Reduction/ Stainless Steel Wash Drum/ 10 Automatic Cycles/ Woolmark Certified Wool Cycle/ Automatic Water Level Settings/ White Finish",""
"28433","Sony MRW62E/S1/181 17-In-1 External USB Memory Card Reader - MRW62ES1181","Sony MRW62E/S1/181 17-In-1 External USB Memory Card Reader - MRW62ES1181/ Supports 17 Different Memory Card Formats/ Works With Macintosh And Windows Computers/ Easy Hi-Speed USB 2.0 Connection/ Black Finish","29"
"35111","Peerless 37' - 60' Flat Panel TV Black Wall Mount  - ST660P","Peerless 37' - 60' Flat Panel TV Black Wall Mount  - ST660P/ Plasma Flat Panel TVs/ 200 lbs Load Capacity/ Up To 15 Degrees Of Forward Tilt And -5 Degrees Backward Tilt/ Black Finish",""
"26930","Monster PS3 HDMI-2M Playstation 3 GameLink HDMI Digital Video/Audio Cable - PS3HDMI2M","Monster PS3 HDMI-2M Playstation 3 GameLink HDMI Digital Video/Audio Cable - PS3HDMI2M/ Duraflex Jacket/ All-In-One Digital AV Cable/ 24k Gold Contacts",""
"28982","Panasonic Countertop Microwave Oven In Stainless Steel - NNSD667SS","Panasonic NN-SD667S Countertop Microwave Oven In Stainless Steel - NNSD667SS/ 1.2 Cubic Foot/ 1250 Watts High Power/ 10 Power Levels/ 5 Cooking Stages/ Quick Minute/ Easy-To-Use Pop-Out Dial/ One-Touch Sensor Cooking/ Inverter Turbo Defrost/ Multi-Lingual Menu Action Screen/ Popcorn Key/ Stainless Steel Finish",""
"16000","Maytag Bisque Over-The-Range Microwave Oven - MMV4205BT","Maytag Bisque Over-The-Range Microwave Oven - MMV4205BT/ 2.0 Cu. Ft. Capacity/ 1150 Watts/ Ten Power Levels/ 220 CFM Airflow With Two Adjustable Fan Speeds/ Scrolling VFD Display/ Twelve Instant Touch Pads/ Precision Touch Electronic Controls/ Digital Display With Clock And Kitchen Timer/ Bisque Finish",""
"33455","Yamaha 5.1 Channel Home Theater In A Box System In Black  - YHT390BK","Yamaha 5.1 Channel Home Theater In A Box System In Black - YHT390BK/ New Scene Compressed Music Enhancer/ iPod Compatibility/ 600W Powerful Surround Sound/ Silent Cinema/ 192kHz/24-Bit DACs For All Channels/ Black Finish","399"
"28978","Panasonic Stainless Steel Countertop Microwave Oven - NNSD377SS","Panasonic NNSD377S Stainless Steel Countertop Microwave Oven - NNSD377SS/ 0.8 Cu. Ft. Capacity/ 800 Watts Cooking Power/ 6 Levels Power Settings/ 5 Multi-Stage Cooking/ Quick Minute Feature/ 4 Digit Display Panel/ Popcorn Key/ Revolving Removable Turntable/ Stainless Steel Finish",""
"32744","Sirius Satellite Radio Universal Car Tuner - SCC1","Sirius Satellite Radio Universal Car Tuner - SCC1/ Low-Profile Roof-Mount Antenna With 21 Cable/ Works With A Separate SIRIUS Connect Adapter/ Channel Scan/Search/ Channel Presets",""
"33564","Denon Blu-ray Disc DVD/CD Player - DVD3800BDCI","Denon Blu-ray Disc DVD/CD Player - DVD3800BDCI/ 10-Bit Realta HQV Video Processor/ 1080p/24fps Output And Multi-Cadence Detection/ HDMI 1.3a Output With 36-Bit Deep Color Support/ Dual 32-Bit Floating Point DSP/ Multi-Layered Construction With Dual-Layered Top Shields And Triple-Layered Bottom/ Suppress Vibration Hybrid (S.V.H.) Loader/ Black Finish","1999.00"
"34156","Transcend 4GB Micro Secure Digital Memory Card - TS4GUSDHC6","Transcend 4GB Micro Secure Digital Memory Card - TS4GUSDHC6/ 4GB MicroSD Card With Adapter/ Compatible With Cell Phones And Mobile Devices With MicroSD Input/ Mechanical Write Protection Switch/ Includes Adapter To Fit SDcard Slot For Data Transfer/ Compliant With Secure Digital Music Initiative/ Black Finish",""
"37208","Apple 120GB Silver 7th Generation iPod Classic - MB562LLA","Apple 120GB Silver 7th Generation iPod Classic - MB562LLA/ Holds Up To 30000 Songs In 128-Kbps AAC Format 25000 iPod-Viewable Photos And 150 Hours Of Video/ 2.5' (Diagonal) Color LCD With LED Backlight/ 320-By-240-Pixel Resolution/ Mac And Windows Compatible/ Silver Finish",""
"39038","Case Logic Black In-Car DVD Player Case - PDVK10","Case Logic Black In-Car DVD Player Case - PDVK10/ Holds Up To 10' Portable DVD And Portable iPod Players/ Grab & Go Suspension System/ Built-In Dual Jack Headphone System/ Extra Storage Compartment/ Black Finish","29"
"28020","Canon FAX-JX200 Inkjet Fax Machine - FAXJX200","Canon FAX-JX200 Inkjet Fax Machine - FAXJX200/ Automatic Document Feeder/ Produce B&W Copies With Clear Sharp Text/ One-Touch Dialing/ Ultra-High Quality (UHQ) Image Processing Technology/ 600 x 600 Dpi Copy Resolution/ White Finish","78"
"26622","Canon Charger And Rechargable AA Battery Kit - 1169B001","Canon Charger And Rechargable AA Battery Kit - 1169B001/ Charge Indicator Light/ 2500 mAh Capacity Rating/ Nickel Metal-Hydride Technology/ Black Finish",""
