"id1","id2"
"b00001xdw7","http://www.google.com/base/feeds/snippets/10541632718220382972"
"b000hcxkks","http://www.google.com/base/feeds/snippets/18395554978346558556"
"b000pgvk5s","http://www.google.com/base/feeds/snippets/1872945109493928217"
"b000aoz7fo","http://www.google.com/base/feeds/snippets/18353566070605982375"
"b000o39u3q","http://www.google.com/base/feeds/snippets/18195210518723634061"
"b000ndibaa","http://www.google.com/base/feeds/snippets/3285016045940957596"
"b000g6gn2m","http://www.google.com/base/feeds/snippets/4436087621332035022"
"b000099107","http://www.google.com/base/feeds/snippets/16698946140878275557"
"b000frttvy","http://www.google.com/base/feeds/snippets/10497976503252074561"
"b000mgvnks","http://www.google.com/base/feeds/snippets/10851688356333529622"
"b000oziaz8","http://www.google.com/base/feeds/snippets/15207825953028155236"
"b000ogsh3c","http://www.google.com/base/feeds/snippets/2640184679506710701"
"b00006jo4g","http://www.google.com/base/feeds/snippets/16080101328048625984"
"b000787g6q","http://www.google.com/base/feeds/snippets/14035761522429892531"
"b000k7vio0","http://www.google.com/base/feeds/snippets/9592753698712041843"
"b000jf5zec","http://www.google.com/base/feeds/snippets/13629768701500088491"
"b00023azve","http://www.google.com/base/feeds/snippets/4949402291543451335"
"b000h0k3zu","http://www.google.com/base/feeds/snippets/12105115514315351902"
"b00065hjvc","http://www.google.com/base/feeds/snippets/17535862274044952617"
"b000ro5o7s","http://www.google.com/base/feeds/snippets/7129140322149464777"
"b00002s6sc","http://www.google.com/base/feeds/snippets/6908558013988135436"
"b000hvtk9e","http://www.google.com/base/feeds/snippets/18400163697429940544"
"b00007e8bi","http://www.google.com/base/feeds/snippets/18286585073343765950"
"b000bwzzlg","http://www.google.com/base/feeds/snippets/2793425352847818039"
"b000ozhfsq","http://www.google.com/base/feeds/snippets/18438075297130458214"
"b000exu99k","http://www.google.com/base/feeds/snippets/17647670175814866187"
"b000exq2cs","http://www.google.com/base/feeds/snippets/9463842250533836611"
"b00024yohy","http://www.google.com/base/feeds/snippets/9205821354688722990"
"b000eu10wi","http://www.google.com/base/feeds/snippets/7587316869277129977"
"b000iflerk","http://www.google.com/base/feeds/snippets/17776155287333548087"
"b0008ewsai","http://www.google.com/base/feeds/snippets/10066664236286478958"
"b00005op44","http://www.google.com/base/feeds/snippets/18381906790026125106"
"b000etjjae","http://www.google.com/base/feeds/snippets/12845228373531717554"
"b000ndibq4","http://www.google.com/base/feeds/snippets/7928058720709111960"
"b000bndghk","http://www.google.com/base/feeds/snippets/18427441766979913551"
"b000hcz8gm","http://www.google.com/base/feeds/snippets/13673799320876526338"
"b000gkpds8","http://www.google.com/base/feeds/snippets/5515688203820371988"
"b000o3d94m","http://www.google.com/base/feeds/snippets/17453432506391757198"
"b000ub66ha","http://www.google.com/base/feeds/snippets/15897742829993345210"
"b000gknmd6","http://www.google.com/base/feeds/snippets/1088964682231544841"
"b00006jo4g","http://www.google.com/base/feeds/snippets/10206096308013781162"
"b000euhk3g","http://www.google.com/base/feeds/snippets/14356986779854403622"
"b000k7ving","http://www.google.com/base/feeds/snippets/13468530879861986847"
"b000pienlo","http://www.google.com/base/feeds/snippets/16974008974544976244"
"b0009stm6g","http://www.google.com/base/feeds/snippets/7117788517647646539"
"b000dz9yoa","http://www.google.com/base/feeds/snippets/5216541735240789992"
"b000q6zk3a","http://www.google.com/base/feeds/snippets/18371419521576660155"
"b000na1v8w","http://www.google.com/base/feeds/snippets/12662824890153121005"
"b000ndibkk","http://www.google.com/base/feeds/snippets/4247841323668156699"
"b000tl4qb4","http://www.google.com/base/feeds/snippets/1949229857064458441"
"b000he9psc","http://www.google.com/base/feeds/snippets/14520556770161082452"
"b0002ce0v6","http://www.google.com/base/feeds/snippets/17297585967951704634"
"b000ivkrww","http://www.google.com/base/feeds/snippets/747800619686534084"
"b000fzz73u","http://www.google.com/base/feeds/snippets/11404711258824251475"
"b000pihtec","http://www.google.com/base/feeds/snippets/13778334917246964953"
"b000nkrj0q","http://www.google.com/base/feeds/snippets/13749047006070540730"
"b000ccvp0a","http://www.google.com/base/feeds/snippets/12536674159579454939"
"b000hedyio","http://www.google.com/base/feeds/snippets/16622880533554607802"
"b000bs2vzs","http://www.google.com/base/feeds/snippets/10956401022937572078"
"b00021lrw2","http://www.google.com/base/feeds/snippets/6591008499871907116"
"b00022pti4","http://www.google.com/base/feeds/snippets/16729750960777382226"
"b000i2jd0s","http://www.google.com/base/feeds/snippets/18393898679155461769"
"b000qgixde","http://www.google.com/base/feeds/snippets/18360307000127444765"
"b00006h3dw","http://www.google.com/base/feeds/snippets/17252201200051627446"
"b000k6b2l0","http://www.google.com/base/feeds/snippets/17834804262117799503"
"b000g017kg","http://www.google.com/base/feeds/snippets/18405135648098652581"
"b000hcz8ey","http://www.google.com/base/feeds/snippets/11114112522015930440"
"b000gcgqd2","http://www.google.com/base/feeds/snippets/6490413833919329208"
"b000ndibjq","http://www.google.com/base/feeds/snippets/14812439490848045578"
"b000gkpe14","http://www.google.com/base/feeds/snippets/6596219200360663289"
"b0009suw4w","http://www.google.com/base/feeds/snippets/18425416409544307946"
"b000kbszns","http://www.google.com/base/feeds/snippets/17967900865986277130"
"b00005wf9v","http://www.google.com/base/feeds/snippets/16689580885336652505"
"b000lwfbem","http://www.google.com/base/feeds/snippets/6614738792097944479"
"b000fkd3cc","http://www.google.com/base/feeds/snippets/18388829675891326365"
"b0002i6l7g","http://www.google.com/base/feeds/snippets/3887119395489365873"
"b00024wjrq","http://www.google.com/base/feeds/snippets/16744224390148606478"
"b0001wn16m","http://www.google.com/base/feeds/snippets/18372325427432567642"
"b000h16p9m","http://www.google.com/base/feeds/snippets/3846293022585027470"
"b000hlp5yi","http://www.google.com/base/feeds/snippets/9785861434635986999"
"b00076ywii","http://www.google.com/base/feeds/snippets/17407485579094223073"
"b000hlt4tu","http://www.google.com/base/feeds/snippets/18404168006486239466"
"b000jx3mx0","http://www.google.com/base/feeds/snippets/18142071205016449884"
"b000hcz8gc","http://www.google.com/base/feeds/snippets/9807438286656285076"
"b000ndid26","http://www.google.com/base/feeds/snippets/5673733196767057398"
"b000o39u3g","http://www.google.com/base/feeds/snippets/13023052343955574084"
"b000e8jl7q","http://www.google.com/base/feeds/snippets/4682448981783641744"
"b0009suw5q","http://www.google.com/base/feeds/snippets/712876185653102576"
"b00083czbg","http://www.google.com/base/feeds/snippets/15052254484804072386"
"b0001wn16m","http://www.google.com/base/feeds/snippets/18396633258112051350"
"b0000yebre","http://www.google.com/base/feeds/snippets/4921806606938865897"
"b000bs5ibm","http://www.google.com/base/feeds/snippets/15944513620809178120"
"b0009hj5ve","http://www.google.com/base/feeds/snippets/904752907591542149"
"b000h14rqk","http://www.google.com/base/feeds/snippets/10090208868795399315"
"b0000cdvuh","http://www.google.com/base/feeds/snippets/17695920349455995837"
"b000fc4du6","http://www.google.com/base/feeds/snippets/534612205120966482"
"b000cszg2m","http://www.google.com/base/feeds/snippets/5032391174084349054"
"b00029rapc","http://www.google.com/base/feeds/snippets/17059526546034030562"
"b000btac30","http://www.google.com/base/feeds/snippets/16883659993106723886"
"b000bckm46","http://www.google.com/base/feeds/snippets/17651580132908652894"
"b000ndibci","http://www.google.com/base/feeds/snippets/5536147337142384196"
"b000fjs8sc","http://www.google.com/base/feeds/snippets/65578552457551022"
"b000gcgqd2","http://www.google.com/base/feeds/snippets/13759883185832377445"
"b000hkgj8k","http://www.google.com/base/feeds/snippets/18417354130985846422"
"b00022pti4","http://www.google.com/base/feeds/snippets/7739419455751524618"
"b000jgf410","http://www.google.com/base/feeds/snippets/9949258255997064102"
"b0009i9tqy","http://www.google.com/base/feeds/snippets/8804538687114603592"
"b000088ner","http://www.google.com/base/feeds/snippets/1347968736695236641"
"b000e136ga","http://www.google.com/base/feeds/snippets/11829938385250188093"
"b00005auzh","http://www.google.com/base/feeds/snippets/17640225934406949646"
"b000tme1ke","http://www.google.com/base/feeds/snippets/16965466141678042659"
"b000mmt6s8","http://www.google.com/base/feeds/snippets/2066161709446383266"
"b000gkli0a","http://www.google.com/base/feeds/snippets/6426816868919758079"
"b0001xdysq","http://www.google.com/base/feeds/snippets/10775485982845096156"
"b0001wn0ky","http://www.google.com/base/feeds/snippets/16388256207576026986"
"b0002jtvng","http://www.google.com/base/feeds/snippets/5572182459728876600"
"b0000als2s","http://www.google.com/base/feeds/snippets/17832927937923546408"
"b000jx3qxq","http://www.google.com/base/feeds/snippets/13304616444690819122"
"b000067fk7","http://www.google.com/base/feeds/snippets/22081347244611883"
"b00094ot4a","http://www.google.com/base/feeds/snippets/17708460496974727302"
"b000hhvb2w","http://www.google.com/base/feeds/snippets/17476622898499473532"
"b000exs488","http://www.google.com/base/feeds/snippets/11143055459495586546"
"b000pdnhno","http://www.google.com/base/feeds/snippets/17070501717470514063"
"b000jx5rz6","http://www.google.com/base/feeds/snippets/17634318125830822917"
"b0002h6x34","http://www.google.com/base/feeds/snippets/4823291609006887387"
"b000aa87pu","http://www.google.com/base/feeds/snippets/18373688292230003205"
"b000in6u62","http://www.google.com/base/feeds/snippets/18434616791723899127"
"b000a3x6te","http://www.google.com/base/feeds/snippets/16407653863068941558"
"b000ndibq4","http://www.google.com/base/feeds/snippets/2461116331238857888"
"b000g3mer8","http://www.google.com/base/feeds/snippets/13255609368261584070"
"b000ndo7n0","http://www.google.com/base/feeds/snippets/17544063525352738794"
"b000e3c6c8","http://www.google.com/base/feeds/snippets/17693391962532243349"
"b000olsreg","http://www.google.com/base/feeds/snippets/17966566453322835928"
"b0000dbykm","http://www.google.com/base/feeds/snippets/18434163358494173665"
"b000hc0lw8","http://www.google.com/base/feeds/snippets/16573354058682977088"
"b000gaoo7y","http://www.google.com/base/feeds/snippets/18384280629938052082"
"b000v7vz2e","http://www.google.com/base/feeds/snippets/17926987006913487270"
"b0001fyrqc","http://www.google.com/base/feeds/snippets/7062936722155279808"
"b00002s6sc","http://www.google.com/base/feeds/snippets/14941513108998426217"
"b000ndib82","http://www.google.com/base/feeds/snippets/4058027556169196919"
"b000b5srju","http://www.google.com/base/feeds/snippets/16872612252422367466"
"b00019jgwi","http://www.google.com/base/feeds/snippets/407742822135371560"
"b000bsf1iw","http://www.google.com/base/feeds/snippets/1366247437960571613"
"b000b6n2lw","http://www.google.com/base/feeds/snippets/4747185109584668947"
"b000g0oom4","http://www.google.com/base/feeds/snippets/6320757184409585395"
"b000eztvym","http://www.google.com/base/feeds/snippets/3370622523798561341"
"b00078x3hm","http://www.google.com/base/feeds/snippets/5707639507589635432"
"b000ofnrhy","http://www.google.com/base/feeds/snippets/6968597519129780490"
"b0001av65w","http://www.google.com/base/feeds/snippets/18312853825749428303"
"b000pgq8sm","http://www.google.com/base/feeds/snippets/8648200549603855201"
"b0009ren8e","http://www.google.com/base/feeds/snippets/18152695793777845265"
"b000lrdlia","http://www.google.com/base/feeds/snippets/13830033675761129549"
"b000hed3f8","http://www.google.com/base/feeds/snippets/15401280256033043239"
"b00007e8d4","http://www.google.com/base/feeds/snippets/16959392076941739015"
"b000ra5bmk","http://www.google.com/base/feeds/snippets/16908015325729489564"
"b000mz7c2w","http://www.google.com/base/feeds/snippets/15648850844085647958"
"b00006sijq","http://www.google.com/base/feeds/snippets/14902598566526934218"
"b0000vmim2","http://www.google.com/base/feeds/snippets/15283790763832398825"
"b0001bg5gq","http://www.google.com/base/feeds/snippets/11618158047568311763"
"b000exs47y","http://www.google.com/base/feeds/snippets/16633280530608162098"
"b000qxd2tm","http://www.google.com/base/feeds/snippets/17972160650826336548"
"b000jx5shs","http://www.google.com/base/feeds/snippets/17578507241939502542"
"b000kmehfw","http://www.google.com/base/feeds/snippets/18362060657249986591"
"b000098xjo","http://www.google.com/base/feeds/snippets/16361312648941715869"
"b0001db6i6","http://www.google.com/base/feeds/snippets/12904825904608701558"
"b0002vjvxy","http://www.google.com/base/feeds/snippets/15893880004435051441"
"b00002s6sc","http://www.google.com/base/feeds/snippets/10496277297966281940"
"b000lv6pyi","http://www.google.com/base/feeds/snippets/18367889369421729693"
"b0007zf3ge","http://www.google.com/base/feeds/snippets/10244573068939530333"
"b0002bqqxw","http://www.google.com/base/feeds/snippets/18436194751131787997"
"b000edkurg","http://www.google.com/base/feeds/snippets/13699037964945038111"
"b000bu7u48","http://www.google.com/base/feeds/snippets/16694806128312036500"
"b0007iqg3a","http://www.google.com/base/feeds/snippets/16894460490935798232"
"b000ogsgzq","http://www.google.com/base/feeds/snippets/18053677474084218860"
"b0007q7mg2","http://www.google.com/base/feeds/snippets/13558726664717453661"
"b0008ews9o","http://www.google.com/base/feeds/snippets/18354430457145981051"
"b000bndgzw","http://www.google.com/base/feeds/snippets/6327594211039677778"
"b000ndid4y","http://www.google.com/base/feeds/snippets/18383405503824080160"
"b000hlt5g2","http://www.google.com/base/feeds/snippets/3274305083856247424"
"b000h1df7w","http://www.google.com/base/feeds/snippets/17737819843616715912"
"b00004ochi","http://www.google.com/base/feeds/snippets/9122006997888271580"
"b00009l1hv","http://www.google.com/base/feeds/snippets/11958168742202087168"
"b0007sxgn8","http://www.google.com/base/feeds/snippets/13588549604733030954"
"b0006b6b1a","http://www.google.com/base/feeds/snippets/18378422702839985200"
"b000cbqbby","http://www.google.com/base/feeds/snippets/5968511357343083164"
"b000ehs6h8","http://www.google.com/base/feeds/snippets/4818950838228892044"
"b000in35ho","http://www.google.com/base/feeds/snippets/17101910436938629162"
"b0007lw22g","http://www.google.com/base/feeds/snippets/4539901557040997564"
"b000egwc42","http://www.google.com/base/feeds/snippets/18427221955987040627"
"b00032heyk","http://www.google.com/base/feeds/snippets/14100958400236899770"
"b00004ochj","http://www.google.com/base/feeds/snippets/5722368875390495429"
"b000f7bps4","http://www.google.com/base/feeds/snippets/12516109834871224117"
"b0002fgfiy","http://www.google.com/base/feeds/snippets/16668702350993735780"
"b000cbn9aa","http://www.google.com/base/feeds/snippets/13143355002649939201"
"b000jf5zec","http://www.google.com/base/feeds/snippets/13368045031336320583"
"b00021xhzw","http://www.google.com/base/feeds/snippets/18430621475529168165"
"b000iwarqw","http://www.google.com/base/feeds/snippets/8805781114218671102"
"b0009i5sgy","http://www.google.com/base/feeds/snippets/4615810080995000742"
"b0008glgea","http://www.google.com/base/feeds/snippets/7415156197197389350"
"b000051sgq","http://www.google.com/base/feeds/snippets/17588771746186862436"
